feature,importance
Es_reexpedicion,0.1782578342761476
Es_amparada,0.1478264749554228
Cuotas_mora,0.14237630190575049
Indicador_repositorio,0.13186266459043142
Acumulado_cupo,0.09946995857493342
Estado_tarjeta_activa,0.02729416817609448
Localizacion_tarjeta_nacional,0.01695184765057858
Localizacion_tarjeta_internacional,0.01595060818034774
Fecha_ult_retiro_2025-04-17,0.01329265177939898
Estado_tarjeta_vencida,0.013093924748013833
Estado_tarjeta_bloqueada,0.00668699516132056
Ind_estado_al dia,0.003116015569646488
Ind_estado_castigada,0.00309977871815566
Tipo_nomina_gobierno,0.0030949680843128167
Tipo_nomina_independiente,0.003070836089816169
Ind_estado_en mora,0.0030678605029696433
Tipo_tarjeta_oro,0.0030614727285551025
Tipo_tarjeta_platinum,0.00303612658492575
Tipo_nomina_privada,0.0029946224022192125
Tipo_tarjeta_clasica,0.002988532046331257
Fecha_ult_retiro_2025-07-11,0.0002618823834215404
Fecha_ult_retiro_2025-04-19,0.00026182666019258706
Fecha_ult_retiro_2025-04-12,0.00025913532297206166
Fecha_ult_retiro_2025-07-23,0.0002566252188634863
Fecha_ult_retiro_2025-04-22,0.00024572520095951663
Fecha_ult_retiro_2025-09-07,0.00024384712992248135
Fecha_ult_retiro_2025-09-04,0.00024301425919379745
Fecha_ult_retiro_2025-07-18,0.00024170069010125527
Fecha_ult_retiro_2025-05-09,0.00024115697155763024
Fecha_ult_retiro_2025-04-21,0.00023945039221071347
Fecha_ult_retiro_2025-08-01,0.00023915335026169612
Fecha_ult_retiro_2025-04-20,0.00023888460805164096
Fecha_ult_retiro_2025-08-09,0.00023874008347835163
Fecha_ult_retiro_2025-08-11,0.0002386127778863461
Fecha_ult_retiro_2025-08-04,0.00023852393416572742
Fecha_ult_retiro_2025-09-17,0.00023824782398098538
Fecha_ult_retiro_2025-08-29,0.0002361403736338826
Fecha_ult_retiro_2025-05-13,0.00023591873147361407
Fecha_ult_retiro_2025-03-30,0.0002358963832054887
Fecha_ult_retiro_2025-07-04,0.00023506658792650888
Fecha_ult_retiro_2025-09-06,0.00023410535030640638
Fecha_ult_retiro_2025-07-17,0.00023368548020309522
Fecha_ult_retiro_2025-07-31,0.00023349151754262055
Fecha_ult_retiro_2025-07-24,0.00023320058635209058
Fecha_ult_retiro_2025-05-14,0.0002326537459179079
Fecha_ult_retiro_2025-08-25,0.00023258360269087867
Fecha_ult_retiro_2025-08-24,0.00023216377225918503
Fecha_ult_retiro_2025-04-23,0.00023177796484932168
Fecha_ult_retiro_2025-03-26,0.00023170414327677887
Fecha_ult_retiro_2025-06-08,0.00023150464768252182
Fecha_ult_retiro_2025-06-09,0.00023146646510740295
Fecha_ult_retiro_2025-08-02,0.00023091555260552766
Fecha_ult_retiro_2025-04-03,0.0002308892754584376
Fecha_ult_retiro_2025-05-05,0.00022973591611587555
Fecha_ult_retiro_2025-07-07,0.00022946196592845338
Fecha_ult_retiro_2025-04-15,0.00022919164545758293
Fecha_ult_retiro_2025-07-10,0.00022903113115460327
Fecha_ult_retiro_2025-05-15,0.0002281323341997352
Fecha_ult_retiro_2025-08-23,0.00022694520415095056
Fecha_ult_retiro_2025-06-10,0.0002267271902510097
Fecha_ult_retiro_2025-07-29,0.000225867873572335
Fecha_ult_retiro_2025-06-30,0.0002258617986040201
Fecha_ult_retiro_2025-04-28,0.0002251922175714985
Fecha_ult_retiro_2025-07-14,0.00022501107663314398
Fecha_ult_retiro_2025-05-31,0.00022477537092167266
Fecha_ult_retiro_2025-06-06,0.00022437543814984086
Fecha_ult_retiro_2025-04-14,0.0002240700120765328
Fecha_ult_retiro_2025-06-25,0.00022400051838613268
Fecha_ult_retiro_2025-08-10,0.00022360738880698622
Fecha_ult_retiro_2025-05-03,0.0002235597768654974
Fecha_ult_retiro_2025-07-15,0.00022354817217262743
Fecha_ult_retiro_2025-08-18,0.00022283634456659823
Fecha_ult_retiro_2025-07-06,0.00022275260832735157
Fecha_ult_retiro_2025-05-11,0.00022118771658368586
Fecha_ult_retiro_2025-09-05,0.0002210925073052471
Fecha_ult_retiro_2025-07-05,0.0002210478678371436
Fecha_ult_retiro_2025-07-30,0.00022100929599234127
Fecha_ult_retiro_2025-06-16,0.00022060482799668495
Fecha_ult_retiro_2025-05-16,0.00022053013515115316
Fecha_ult_retiro_2025-04-10,0.00022045286624585816
Fecha_ult_retiro_2025-08-15,0.00022024438379493767
Fecha_ult_retiro_2025-06-17,0.0002201310511343265
Fecha_ult_retiro_2025-07-13,0.00022008034734072435
Fecha_ult_retiro_2025-07-22,0.0002199336131398554
Fecha_ult_retiro_2025-07-25,0.00021974094284394033
Fecha_ult_retiro_2025-05-02,0.00021947975301313418
Fecha_ult_retiro_2025-05-18,0.0002194690118765822
Fecha_ult_retiro_2025-08-26,0.0002191651880098764
Fecha_ult_retiro_2025-05-28,0.00021911263065118523
Fecha_ult_retiro_2025-06-01,0.00021903419937690111
Fecha_ult_retiro_2025-08-05,0.00021902593858691256
Fecha_ult_retiro_2025-05-26,0.00021899059181541443
Fecha_ult_retiro_2025-05-17,0.00021841561105563775
Fecha_ult_retiro_2025-04-09,0.00021830950784460746
Fecha_ult_retiro_2025-04-07,0.00021791628256438925
Fecha_ult_retiro_2025-04-25,0.00021757653801529335
Fecha_ult_retiro_2025-08-30,0.00021750615599518803
Fecha_ult_retiro_2025-05-25,0.00021747963194355472
Fecha_ult_retiro_2025-07-27,0.00021733926620136167
Fecha_ult_retiro_2025-06-04,0.0002172729272552821
Fecha_ult_retiro_2025-05-21,0.00021706688872551156
Fecha_ult_retiro_2025-05-30,0.00021684902026972294
Fecha_ult_retiro_2025-08-13,0.00021663204703715224
Fecha_ult_retiro_2025-08-20,0.00021659912252466721
Fecha_ult_retiro_2025-04-04,0.00021629229791346748
Fecha_ult_retiro_2025-04-24,0.00021598933332921276
Fecha_ult_retiro_2025-07-28,0.00021581757326842262
Fecha_ult_retiro_2025-09-11,0.00021523517190252835
Fecha_ult_retiro_2025-07-03,0.00021515522856663754
Fecha_ult_retiro_2025-07-01,0.00021510313375079412
Fecha_ult_retiro_2025-09-16,0.00021501155295906166
Fecha_ult_retiro_2025-09-18,0.00021432210832648605
Fecha_ult_retiro_2025-04-18,0.00021401847656170658
Fecha_ult_retiro_2025-06-15,0.00021379622835312939
Fecha_ult_retiro_2025-04-26,0.00021377986492745587
Fecha_ult_retiro_2025-09-08,0.00021357308642455498
Fecha_ult_retiro_2025-08-17,0.00021348254231857077
Fecha_ult_retiro_2025-05-24,0.00021278861606218626
Fecha_ult_retiro_2025-08-06,0.00021248166714541588
Fecha_ult_retiro_2025-03-31,0.0002124101771863053
Fecha_ult_retiro_2025-04-01,0.0002123324146326025
Fecha_ult_retiro_2025-07-12,0.0002118618588029681
Fecha_ult_retiro_2025-07-16,0.00021142534501188625
Fecha_ult_retiro_2025-08-19,0.00021116848232306595
Fecha_ult_retiro_2025-05-23,0.0002110993529173543
Fecha_ult_retiro_2025-05-07,0.00021097907170546668
Fecha_ult_retiro_2025-09-15,0.000210800414685598
Fecha_ult_retiro_2025-09-03,0.0002106945727968592
Fecha_ult_retiro_2025-04-16,0.00021027074844430513
Fecha_ult_retiro_2025-04-02,0.00020997060950274417
Fecha_ult_retiro_2025-07-21,0.00020993293268167757
Fecha_ult_retiro_2025-07-20,0.00020929596107673279
Fecha_ult_retiro_2025-04-05,0.0002092554399595942
Fecha_ult_retiro_2025-09-01,0.00020902309030868953
Fecha_ult_retiro_2025-05-06,0.0002089053297801473
Fecha_ult_retiro_2025-08-07,0.00020871760826473874
Fecha_ult_retiro_2025-06-19,0.00020870435798643117
Fecha_ult_retiro_2025-03-25,0.00020848450527807415
Fecha_ult_retiro_2025-06-23,0.00020841283169791694
Fecha_ult_retiro_2025-07-26,0.0002079361447709989
Fecha_ult_retiro_2025-06-03,0.00020755890030711764
Fecha_ult_retiro_2025-09-14,0.0002075002851967606
Fecha_ult_retiro_2025-09-12,0.00020733549755491232
Fecha_ult_retiro_2025-05-19,0.00020717609808028277
Fecha_ult_retiro_2025-03-28,0.0002067918829913533
Fecha_ult_retiro_2025-08-08,0.00020603415949947037
Fecha_ult_retiro_2025-06-12,0.00020589430333472074
Fecha_ult_retiro_2025-06-26,0.00020569184413471426
Fecha_ult_retiro_2025-08-14,0.00020553063137247345
Fecha_ult_retiro_2025-05-12,0.00020486244038670553
Fecha_ult_retiro_2025-06-18,0.00020477932883185114
Fecha_ult_retiro_2025-04-06,0.0002046811074277333
Fecha_ult_retiro_2025-05-22,0.0002045582402961483
Fecha_ult_retiro_2025-06-11,0.00020383868793952828
Fecha_ult_retiro_2025-05-08,0.00020326780594429958
Fecha_ult_retiro_2025-06-22,0.00020324527138786288
Fecha_ult_retiro_2025-03-27,0.00020324460757402938
Fecha_ult_retiro_2025-06-29,0.000203164721349823
Fecha_ult_retiro_2025-08-31,0.0002022939973195636
Fecha_ult_retiro_2025-09-19,0.00020151117595665753
Fecha_ult_retiro_2025-04-11,0.00020144319147091564
Fecha_ult_retiro_2025-06-21,0.00020104237812521489
Fecha_ult_retiro_2025-04-13,0.00019922567030595034
Fecha_ult_retiro_2025-05-20,0.0001982948253313645
Fecha_ult_retiro_2025-03-29,0.00019820572895749557
Fecha_ult_retiro_2025-06-13,0.00019549225951936646
Fecha_ult_retiro_2025-03-24,0.00019539581991543148
Fecha_ult_retiro_2025-06-02,0.00019489194426732898
Fecha_ult_retiro_2025-07-19,0.00019486182164034393
Fecha_ult_retiro_2025-09-02,0.00019453861698030432
Fecha_ult_retiro_2025-08-21,0.00019437256386788942
Fecha_ult_retiro_2025-07-08,0.00019377746136994622
Fecha_ult_retiro_2025-08-28,0.00019353892485536172
Fecha_ult_retiro_2025-09-10,0.00019327065629263148
Fecha_ult_retiro_2025-09-09,0.00019264894983323676
Fecha_ult_retiro_2025-08-03,0.00019157131384581481
Fecha_ult_retiro_2025-06-24,0.00019041414424963329
Fecha_ult_retiro_2025-07-09,0.00018951249714171595
Fecha_ult_retiro_2025-05-10,0.0001887711037266265
Fecha_ult_retiro_2025-06-20,0.00018808534913264228
Fecha_ult_retiro_2025-04-08,0.00018778025631307186
Fecha_ult_retiro_2025-05-04,0.00018705445601486937
Fecha_ult_retiro_2025-08-22,0.00018654917183430494
Fecha_ult_retiro_2025-05-29,0.00018551795395022419
Fecha_ult_retiro_2025-07-02,0.00018548405273930598
Fecha_ult_retiro_2025-09-13,0.0001850200343276895
Fecha_ult_retiro_2025-04-29,0.00018424970054740434
Fecha_ult_retiro_2025-05-27,0.00018376707042989203
Fecha_ult_retiro_2025-08-16,0.0001828088978146048
Fecha_vencimiento_2027-05-23,0.00018034417324523742
Fecha_ult_retiro_2025-05-01,0.00017950907596350814
Fecha_ult_retiro_2025-06-05,0.00017734793945717615
Fecha_ult_retiro_2025-08-27,0.00017496633128483133
Fecha_ult_retiro_2025-06-07,0.00017331943230266823
Fecha_ult_retiro_2025-06-28,0.0001727779513410167
Fecha_vencimiento_2027-08-16,0.00017190949210390516
Fecha_ult_retiro_2025-08-12,0.00017148300972232242
Fecha_vencimiento_2026-12-08,0.00016949045658070448
Fecha_ult_retiro_2025-06-14,0.0001647579494381582
Fecha_vencimiento_2026-09-05,0.0001646273230589951
Fecha_ult_retiro_2025-06-27,0.0001643898036782864
Fecha_vencimiento_2026-07-13,0.0001641562302302913
Fecha_vencimiento_2025-08-12,0.0001595097412808856
Fecha_ult_retiro_2025-04-27,0.0001591001785279934
Fecha_ult_retiro_2025-04-30,0.00015906814466405618
Fecha_vencimiento_2025-10-03,0.0001590472025277218
Fecha_vencimiento_2027-01-06,0.00015869989921115106
Fecha_vencimiento_2026-12-12,0.00015799946185355256
Fecha_vencimiento_2025-05-20,0.00015784719364364143
Fecha_vencimiento_2028-03-03,0.0001558785241907703
Fecha_vencimiento_2025-07-21,0.00015450520670312577
Fecha_vencimiento_2027-12-15,0.00015435166253850613
Fecha_vencimiento_2027-01-04,0.00015409248076294615
Fecha_vencimiento_2028-09-10,0.00015330523094712575
Fecha_vencimiento_2025-10-17,0.00015328686649343252
Fecha_vencimiento_2026-08-25,0.00015327968044897322
Fecha_vencimiento_2028-01-21,0.00015283837858260198
Fecha_vencimiento_2025-08-10,0.00015253085976888608
Fecha_vencimiento_2025-10-08,0.00015243364799584375
Fecha_vencimiento_2026-12-09,0.00015236591212082774
Fecha_vencimiento_2028-08-31,0.00015141878778970384
Fecha_vencimiento_2027-05-30,0.00015087302583207792
Fecha_vencimiento_2025-02-21,0.00014970479941785056
Fecha_vencimiento_2028-07-11,0.00014900535797800974
Fecha_vencimiento_2024-09-24,0.0001488233131492544
Fecha_vencimiento_2028-05-24,0.00014881806114180445
Fecha_vencimiento_2027-01-27,0.00014802756444765196
Fecha_vencimiento_2027-05-26,0.00014788532727817217
Fecha_vencimiento_2028-01-18,0.00014745691546615435
Fecha_vencimiento_2027-01-31,0.00014735525359393866
Fecha_vencimiento_2025-09-16,0.0001467879854051586
Fecha_vencimiento_2026-09-07,0.00014624332896992232
Fecha_vencimiento_2024-10-06,0.00014612328910181243
Fecha_vencimiento_2026-09-01,0.00014601009342919122
Fecha_vencimiento_2027-10-06,0.00014593075652183734
Fecha_vencimiento_2027-01-18,0.00014550015950330814
Fecha_vencimiento_2028-08-05,0.00014531533956620548
Fecha_vencimiento_2025-09-08,0.00014525657339227333
Fecha_vencimiento_2027-07-26,0.00014476707679249816
Fecha_vencimiento_2026-10-25,0.00014425357044947287
Fecha_vencimiento_2027-09-30,0.00014400731169483634
Fecha_vencimiento_2025-04-19,0.00014391594918517785
Fecha_vencimiento_2024-10-12,0.0001438633346096892
Fecha_vencimiento_2026-11-06,0.00014375400195178154
Fecha_vencimiento_2024-10-17,0.00014357632070663458
Fecha_vencimiento_2025-05-17,0.00014333872516820783
Fecha_vencimiento_2025-08-05,0.0001431932001399413
Fecha_vencimiento_2026-07-19,0.0001426961598952568
Fecha_vencimiento_2027-11-26,0.00014259379839211668
Fecha_vencimiento_2028-04-02,0.0001425860672204011
Fecha_vencimiento_2024-12-30,0.00014256445873292174
Fecha_vencimiento_2025-04-16,0.00014256118147937326
Fecha_vencimiento_2025-12-26,0.00014225575425299338
Fecha_vencimiento_2027-04-22,0.0001422490040242553
Fecha_vencimiento_2028-06-07,0.00014212100481054456
Fecha_vencimiento_2027-01-07,0.0001420202527084267
Fecha_vencimiento_2027-07-15,0.0001419381224089714
Fecha_vencimiento_2025-09-18,0.0001418247826118752
Fecha_vencimiento_2027-02-25,0.0001417655184950302
Fecha_vencimiento_2027-11-24,0.00014174930843962162
Fecha_vencimiento_2027-11-10,0.0001413140318223923
Fecha_vencimiento_2027-10-05,0.00014117844677261207
Fecha_vencimiento_2028-03-14,0.00014109744103989614
Fecha_vencimiento_2028-07-18,0.00014083390842011212
Fecha_vencimiento_2026-09-20,0.00014070957491733575
Fecha_vencimiento_2025-12-07,0.00014054748581822038
Fecha_vencimiento_2026-05-31,0.0001404151638060443
Fecha_vencimiento_2027-02-22,0.000140148801445021
Fecha_vencimiento_2026-09-18,0.0001400704325838966
Fecha_vencimiento_2026-11-03,0.00013990277964623854
Fecha_vencimiento_2027-06-10,0.00013981671463710396
Fecha_vencimiento_2025-04-05,0.00013959742255167246
Fecha_vencimiento_2025-04-29,0.00013950867765708772
Fecha_vencimiento_2027-01-05,0.00013937014076349856
Fecha_vencimiento_2025-01-01,0.0001388718424363895
Fecha_vencimiento_2025-12-16,0.000138508028899723
Fecha_vencimiento_2025-07-08,0.0001381487875588531
Fecha_vencimiento_2028-02-24,0.0001379753583310301
Fecha_vencimiento_2025-04-02,0.00013790749831943817
Fecha_vencimiento_2024-11-19,0.00013770895370711104
Fecha_vencimiento_2027-04-29,0.0001375082980964937
Fecha_vencimiento_2027-12-27,0.0001372032274038989
Fecha_vencimiento_2025-11-29,0.0001370119393201696
Fecha_vencimiento_2026-10-24,0.00013697058604789957
Fecha_vencimiento_2027-02-16,0.00013649407830947026
Fecha_vencimiento_2028-02-26,0.00013607596365730897
Fecha_vencimiento_2028-04-30,0.00013578512533823293
Fecha_vencimiento_2026-12-11,0.0001356693610350873
Fecha_vencimiento_2025-08-01,0.00013540716851438044
Fecha_vencimiento_2027-03-25,0.0001352876892944699
Fecha_vencimiento_2026-07-30,0.00013523609739800964
Fecha_vencimiento_2025-02-11,0.00013516491307791185
Fecha_vencimiento_2028-07-28,0.0001348686144631023
Fecha_vencimiento_2026-02-23,0.0001345367422127092
Fecha_vencimiento_2025-08-04,0.00013445472125181608
Fecha_vencimiento_2026-10-14,0.00013434054168080263
Fecha_vencimiento_2027-02-11,0.00013409230191291634
Fecha_vencimiento_2024-09-22,0.00013393609800763375
Fecha_vencimiento_2028-04-22,0.00013385633892848712
Fecha_vencimiento_2028-05-20,0.00013371861218035972
Fecha_vencimiento_2026-05-07,0.0001336284870805385
Fecha_vencimiento_2028-03-11,0.00013358647785683707
Fecha_vencimiento_2026-08-13,0.00013350390628990384
Fecha_vencimiento_2027-01-25,0.00013343539526330936
Fecha_vencimiento_2027-12-19,0.00013274992216690725
Fecha_vencimiento_2025-09-01,0.00013256056386872346
Fecha_vencimiento_2028-09-05,0.00013228352074553978
Fecha_vencimiento_2026-12-28,0.00013212715521751
Fecha_vencimiento_2026-04-06,0.0001320234159984235
Fecha_vencimiento_2028-06-24,0.00013199671365049824
Fecha_vencimiento_2026-12-24,0.0001319687850564126
Fecha_vencimiento_2026-11-30,0.00013188191178294288
Fecha_vencimiento_2028-07-06,0.0001318742677311376
Fecha_vencimiento_2028-08-15,0.00013173170098591447
Fecha_vencimiento_2025-05-18,0.0001316327580541649
Fecha_vencimiento_2025-02-28,0.0001312360445465628
Fecha_vencimiento_2026-03-17,0.00013107549632404735
Fecha_vencimiento_2028-08-16,0.00013081655978643228
Fecha_vencimiento_2026-08-28,0.00013069477027316225
Fecha_vencimiento_2028-08-25,0.00013045266039704448
Fecha_vencimiento_2026-07-24,0.00013043448823643164
Fecha_vencimiento_2025-02-13,0.00013041863648705928
Fecha_vencimiento_2027-02-10,0.00013041078905898964
Fecha_vencimiento_2026-05-09,0.00013033591899684177
Fecha_vencimiento_2025-03-21,0.00013033382513207072
Fecha_vencimiento_2028-03-20,0.00013017989916478873
Fecha_vencimiento_2027-08-22,0.00013013923892271823
Fecha_vencimiento_2027-06-11,0.00013011956684015407
Fecha_vencimiento_2028-09-08,0.0001299060157931003
Fecha_vencimiento_2026-10-07,0.00012980119902280063
Fecha_vencimiento_2024-12-20,0.0001296654041153284
Fecha_vencimiento_2026-06-01,0.00012945409165032672
Fecha_vencimiento_2026-09-29,0.0001294490772741181
Fecha_vencimiento_2025-05-05,0.0001293419720636129
Fecha_vencimiento_2028-08-02,0.00012924287413473512
Fecha_vencimiento_2025-03-19,0.00012887887104433835
Fecha_vencimiento_2027-10-23,0.0001287167864905176
Fecha_vencimiento_2025-12-13,0.00012866396125676524
Fecha_vencimiento_2028-08-18,0.00012836006860899882
Fecha_vencimiento_2027-05-17,0.00012818863349833634
Fecha_vencimiento_2025-10-09,0.00012815750549717464
Fecha_vencimiento_2025-02-10,0.000128146643121714
Fecha_vencimiento_2028-03-15,0.0001276042306021426
Fecha_vencimiento_2028-03-08,0.00012751724419751334
Fecha_vencimiento_2027-11-12,0.00012724420731786913
Fecha_vencimiento_2026-09-14,0.00012721410579207655
Fecha_vencimiento_2026-07-03,0.0001270533004675919
Fecha_vencimiento_2025-10-29,0.00012691449872541532
Fecha_vencimiento_2027-02-23,0.00012675912437126022
Fecha_vencimiento_2024-10-10,0.00012645366175236558
Fecha_vencimiento_2027-10-29,0.00012630162836873383
Fecha_vencimiento_2027-11-11,0.0001261404557203632
Fecha_vencimiento_2027-05-20,0.00012606004843618426
Fecha_vencimiento_2027-06-17,0.00012604277981156676
Fecha_vencimiento_2026-06-09,0.00012589695804905455
Fecha_vencimiento_2027-01-09,0.00012572597446275304
Fecha_vencimiento_2026-02-11,0.0001253405476404771
Fecha_vencimiento_2027-01-30,0.00012533019046545075
Fecha_vencimiento_2026-08-07,0.00012530324017285348
Fecha_vencimiento_2025-03-02,0.00012524489427763068
Fecha_vencimiento_2026-06-30,0.00012505879686363977
Fecha_vencimiento_2026-02-01,0.00012504072270353426
Fecha_vencimiento_2026-12-05,0.00012503453700610316
Fecha_vencimiento_2027-08-17,0.00012499485023764227
Fecha_vencimiento_2028-04-16,0.00012493010958744357
Fecha_vencimiento_2028-09-16,0.00012488084292865362
Fecha_vencimiento_2026-10-31,0.0001248622125851605
Fecha_vencimiento_2026-05-26,0.00012475113532245762
Fecha_vencimiento_2027-04-11,0.0001247457817764055
Fecha_vencimiento_2024-12-28,0.00012465272519956942
Fecha_vencimiento_2027-04-23,0.00012464211739233083
Fecha_vencimiento_2026-06-29,0.00012444465780971404
Fecha_vencimiento_2027-09-09,0.00012422100431669112
Fecha_vencimiento_2026-06-07,0.00012420532196031605
Fecha_vencimiento_2025-07-07,0.00012398175926472995
Fecha_vencimiento_2027-07-09,0.00012397274349024696
Fecha_vencimiento_2027-03-13,0.00012394519519956293
Fecha_vencimiento_2027-02-09,0.00012393459959461386
Fecha_vencimiento_2027-03-11,0.0001239025865523083
Fecha_vencimiento_2026-04-19,0.0001238428678889247
Fecha_vencimiento_2027-06-22,0.00012374175598125722
Fecha_vencimiento_2027-05-05,0.0001236600543522927
Fecha_vencimiento_2027-10-25,0.000123626818368187
Fecha_vencimiento_2025-01-13,0.00012360655025057797
Fecha_vencimiento_2027-09-15,0.00012348919373769045
Fecha_vencimiento_2025-09-15,0.0001234764816237089
Fecha_vencimiento_2027-09-05,0.00012344632461602504
Fecha_vencimiento_2024-11-21,0.00012339881301663368
Fecha_vencimiento_2026-10-08,0.00012331530733913565
Fecha_vencimiento_2024-10-23,0.0001232691075289783
Fecha_vencimiento_2025-03-15,0.00012321795123279152
Fecha_vencimiento_2025-01-27,0.00012316967489967986
Fecha_vencimiento_2027-08-05,0.00012307561802869763
Fecha_vencimiento_2025-07-17,0.00012306582821588701
Fecha_vencimiento_2028-02-21,0.00012294850606201088
Fecha_vencimiento_2026-06-28,0.000122941861941812
Fecha_vencimiento_2027-01-24,0.00012288981056333983
Fecha_vencimiento_2027-07-07,0.0001228606304002064
Fecha_vencimiento_2025-12-10,0.00012268954207909143
Fecha_vencimiento_2025-01-23,0.00012266137658793568
Fecha_vencimiento_2027-02-08,0.00012259347073578385
Fecha_vencimiento_2025-04-27,0.00012250345642270786
Fecha_vencimiento_2027-11-27,0.00012248360022528175
Fecha_vencimiento_2027-04-02,0.0001224118342212297
Fecha_vencimiento_2027-06-30,0.00012239092724399147
Fecha_vencimiento_2025-04-07,0.00012238917282936235
Fecha_vencimiento_2027-09-08,0.0001223475966543472
Fecha_vencimiento_2027-07-23,0.0001223313397974708
Fecha_vencimiento_2026-08-20,0.00012226011514625246
Fecha_vencimiento_2027-02-01,0.00012221139085106026
Fecha_vencimiento_2026-02-12,0.00012213945537145184
Fecha_vencimiento_2025-06-11,0.00012211543233892316
Fecha_vencimiento_2028-04-21,0.00012196502809308691
Fecha_vencimiento_2028-06-04,0.00012186951622627522
Fecha_vencimiento_2028-04-23,0.00012179498747108467
Fecha_vencimiento_2026-11-01,0.00012171677105712208
Fecha_vencimiento_2025-07-20,0.00012167690491850797
Fecha_vencimiento_2027-07-24,0.00012162841725303374
Fecha_vencimiento_2027-05-12,0.0001215626642283458
Fecha_vencimiento_2025-08-11,0.0001215432379070124
Fecha_vencimiento_2028-08-11,0.00012152061048730803
Fecha_vencimiento_2026-12-30,0.00012145990193697795
Fecha_vencimiento_2025-09-06,0.00012135364611618162
Fecha_vencimiento_2027-03-24,0.00012126388746737882
Fecha_vencimiento_2028-02-15,0.00012116040135795762
Fecha_vencimiento_2026-10-10,0.00012103721931004628
Fecha_vencimiento_2026-04-04,0.00012101498415952187
Fecha_vencimiento_2025-11-02,0.00012086917742163887
Fecha_vencimiento_2024-12-21,0.00012078127686582154
Fecha_vencimiento_2027-01-22,0.00012076354879437486
Fecha_vencimiento_2027-09-21,0.0001206187769844212
Fecha_vencimiento_2027-10-15,0.00012060994380498224
Fecha_vencimiento_2027-09-04,0.00012058620070321684
Fecha_vencimiento_2028-08-22,0.00012055120340985044
Fecha_vencimiento_2026-06-25,0.000120509444517259
Fecha_vencimiento_2025-11-06,0.00012048417364357415
Fecha_vencimiento_2027-03-09,0.00012040766837266368
Fecha_vencimiento_2025-06-12,0.00012036288296565994
Fecha_vencimiento_2027-03-21,0.00012033378554467473
Fecha_vencimiento_2026-02-20,0.00012028352649114953
Fecha_vencimiento_2028-04-04,0.00012027862240272806
Fecha_vencimiento_2028-06-21,0.00012007431483305095
Fecha_vencimiento_2028-01-08,0.00012006515397726677
Fecha_vencimiento_2026-10-01,0.00012003144435317402
Fecha_vencimiento_2027-11-09,0.0001200301795947986
Fecha_vencimiento_2025-10-30,0.00012002313202443038
Fecha_vencimiento_2028-05-18,0.0001200211633303474
Fecha_vencimiento_2024-12-15,0.0001200195927327997
Fecha_vencimiento_2026-08-26,0.00011990067865011342
Fecha_vencimiento_2025-02-12,0.00011988990248698573
Fecha_vencimiento_2027-06-15,0.00011988964247003369
Fecha_vencimiento_2028-05-22,0.00011984103623986981
Fecha_vencimiento_2025-03-30,0.00011979427360573216
Fecha_vencimiento_2028-05-10,0.00011977794588881179
Fecha_vencimiento_2028-07-05,0.00011977643337453544
Fecha_vencimiento_2025-08-31,0.00011976368733368701
Fecha_vencimiento_2027-06-13,0.0001197403563426124
Fecha_vencimiento_2027-06-16,0.00011959763082383479
Fecha_vencimiento_2026-06-13,0.00011958540256343758
Fecha_vencimiento_2024-11-26,0.00011956152082939643
Fecha_vencimiento_2024-11-06,0.00011953154937933946
Fecha_vencimiento_2026-08-06,0.00011950463006840679
Fecha_vencimiento_2025-03-01,0.00011947679063516639
Fecha_vencimiento_2026-04-08,0.00011943792415197531
Fecha_vencimiento_2024-11-17,0.00011938373261391786
Fecha_vencimiento_2026-01-22,0.00011921481668873652
Fecha_vencimiento_2027-06-26,0.00011920025060424068
Fecha_vencimiento_2027-07-02,0.00011913321070658009
Fecha_vencimiento_2027-03-22,0.00011904375441216526
Fecha_vencimiento_2026-04-05,0.0001190171589562717
Fecha_vencimiento_2027-11-07,0.0001189855847074021
Fecha_vencimiento_2025-09-19,0.0001189131636048853
Fecha_vencimiento_2027-01-15,0.00011885174926828895
Fecha_vencimiento_2026-01-02,0.00011883342178346953
Fecha_vencimiento_2026-11-07,0.00011882199254444273
Fecha_vencimiento_2025-01-18,0.0001187838748216297
Fecha_vencimiento_2026-05-06,0.0001186838341673023
Fecha_vencimiento_2025-05-10,0.00011857528603426895
Fecha_vencimiento_2025-10-15,0.00011855851815400138
Fecha_vencimiento_2025-05-23,0.00011854785414491185
Fecha_vencimiento_2028-05-26,0.00011852655958061687
Fecha_vencimiento_2027-07-01,0.00011845266215025331
Fecha_vencimiento_2028-01-11,0.00011843235705642245
Fecha_vencimiento_2025-02-14,0.0001183698208009635
Fecha_vencimiento_2025-12-25,0.00011836248953732344
Fecha_vencimiento_2028-03-19,0.00011834264536307227
Fecha_vencimiento_2027-04-28,0.00011833293617606671
Fecha_vencimiento_2024-11-10,0.00011832085768326125
Fecha_vencimiento_2025-12-30,0.0001182705704759745
Fecha_vencimiento_2026-04-09,0.000118234832261263
Fecha_vencimiento_2026-09-30,0.00011820919783914287
Fecha_vencimiento_2026-02-05,0.00011792221127887733
Fecha_vencimiento_2028-07-23,0.00011780015311289503
Fecha_vencimiento_2026-12-31,0.00011776328912807626
Fecha_vencimiento_2025-01-25,0.00011769519287330097
Fecha_vencimiento_2028-02-25,0.00011768752803059313
Fecha_vencimiento_2027-03-03,0.00011765998763465392
Fecha_vencimiento_2027-11-02,0.00011765194024822227
Fecha_vencimiento_2026-03-11,0.0001175541286555144
Fecha_vencimiento_2025-04-09,0.0001175520059514268
Fecha_vencimiento_2028-06-03,0.00011755191427905198
Fecha_vencimiento_2027-10-03,0.00011754165185565225
Fecha_vencimiento_2025-05-12,0.00011750893760360236
Fecha_vencimiento_2024-10-28,0.00011744715366661587
Fecha_vencimiento_2027-07-11,0.00011736790132588759
Fecha_vencimiento_2024-12-09,0.00011728211003517273
Fecha_vencimiento_2027-05-06,0.00011728141593096646
Fecha_vencimiento_2026-10-06,0.00011726012589520046
Fecha_vencimiento_2024-10-30,0.00011722169332685338
Fecha_vencimiento_2028-03-31,0.00011719670278886398
Fecha_vencimiento_2025-09-11,0.00011718092428238704
Fecha_vencimiento_2026-02-18,0.00011713598647902554
Fecha_vencimiento_2026-08-21,0.000116912912055942
Fecha_vencimiento_2025-08-13,0.00011688873107118675
Fecha_vencimiento_2028-01-29,0.00011682960066154252
Fecha_vencimiento_2025-11-25,0.00011675217505541593
Fecha_vencimiento_2027-06-25,0.00011666669477960532
Fecha_vencimiento_2026-12-07,0.00011666653778147084
Fecha_vencimiento_2024-12-24,0.00011649852650170596
Fecha_vencimiento_2027-11-25,0.00011644577866099781
Fecha_vencimiento_2027-10-08,0.0001163497149222432
Fecha_vencimiento_2025-11-09,0.00011632068586150707
Fecha_vencimiento_2027-04-09,0.00011631771932303736
Fecha_vencimiento_2028-05-12,0.00011612004774780661
Fecha_vencimiento_2028-02-11,0.00011608875781436951
Fecha_vencimiento_2028-01-15,0.00011600947789295471
Fecha_vencimiento_2025-08-21,0.00011593437168126605
Fecha_vencimiento_2026-04-14,0.00011591931523277864
Fecha_vencimiento_2024-09-28,0.00011590304013266219
Fecha_vencimiento_2025-02-01,0.00011584676718484524
Fecha_vencimiento_2025-02-05,0.00011580749521400608
Fecha_vencimiento_2026-03-25,0.00011578516481095788
Fecha_vencimiento_2027-10-16,0.00011563942031138885
Fecha_vencimiento_2026-11-17,0.00011550984031771177
Fecha_vencimiento_2027-08-27,0.00011542006703328096
Fecha_vencimiento_2026-03-14,0.00011530969651911482
Fecha_vencimiento_2028-06-30,0.0001152706632589806
Fecha_vencimiento_2025-12-18,0.00011526115756789449
Fecha_vencimiento_2025-08-17,0.00011521380612756766
Fecha_vencimiento_2025-07-06,0.00011515491988080628
Fecha_vencimiento_2025-11-21,0.00011512276541788542
Fecha_vencimiento_2025-06-29,0.00011509759415198438
Fecha_vencimiento_2027-04-30,0.00011507521161767892
Fecha_vencimiento_2026-05-01,0.00011502346111517104
Fecha_vencimiento_2028-01-26,0.000114965867106104
Fecha_vencimiento_2028-05-11,0.00011496419677785751
Fecha_vencimiento_2027-11-18,0.0001149522510103389
Fecha_vencimiento_2026-04-15,0.00011495140627097421
Fecha_vencimiento_2026-06-19,0.00011494681907973928
Fecha_vencimiento_2026-03-28,0.0001147879911002865
Fecha_vencimiento_2025-01-10,0.00011472452232698565
Fecha_vencimiento_2026-09-08,0.00011471565219511478
Fecha_vencimiento_2024-10-18,0.0001147061728122696
Fecha_vencimiento_2027-06-12,0.00011470296830201753
Fecha_vencimiento_2024-11-27,0.0001145654232066338
Fecha_vencimiento_2026-07-28,0.00011446306991977175
Fecha_vencimiento_2027-02-17,0.00011439240604449201
Fecha_vencimiento_2025-05-21,0.0001142488671636384
Fecha_vencimiento_2027-06-09,0.0001141234434264345
Fecha_vencimiento_2028-02-09,0.00011409943981227486
Fecha_vencimiento_2028-07-13,0.00011405243759256684
Fecha_vencimiento_2025-12-15,0.00011386249288343224
Fecha_vencimiento_2027-03-19,0.00011379859044003424
Fecha_vencimiento_2027-04-13,0.00011377905556605546
Fecha_vencimiento_2025-09-14,0.00011375635551085865
Fecha_vencimiento_2026-10-19,0.00011361837004265774
Fecha_vencimiento_2028-08-26,0.00011348185535665884
Fecha_vencimiento_2026-12-02,0.00011347063376662675
Fecha_vencimiento_2026-06-11,0.00011343213523218487
Fecha_vencimiento_2026-01-03,0.00011316969126717413
Fecha_vencimiento_2026-10-16,0.00011313582819247806
Fecha_vencimiento_2025-08-27,0.00011311138500526845
Fecha_vencimiento_2028-07-19,0.00011310490714310357
Fecha_vencimiento_2028-07-17,0.00011309124029553872
Fecha_vencimiento_2026-01-05,0.00011306038819282956
Fecha_vencimiento_2025-11-24,0.00011305571212022787
Fecha_vencimiento_2025-11-13,0.00011290322647974753
Fecha_vencimiento_2025-02-04,0.00011286257516102034
Fecha_vencimiento_2025-05-11,0.00011280458439222756
Fecha_vencimiento_2028-02-28,0.00011279733800599239
Fecha_vencimiento_2025-04-15,0.00011275780387186068
Fecha_vencimiento_2026-10-12,0.00011270630117608269
Fecha_vencimiento_2025-10-27,0.0001126994127055848
Fecha_vencimiento_2026-12-15,0.00011267695353514832
Fecha_vencimiento_2024-12-03,0.00011265737788845062
Fecha_vencimiento_2028-06-08,0.00011262289258146801
Fecha_vencimiento_2025-09-13,0.00011247796094335508
Fecha_vencimiento_2028-09-09,0.00011244379027194595
Fecha_vencimiento_2028-02-01,0.00011236706204726188
Fecha_vencimiento_2025-03-04,0.00011229267252282182
Fecha_vencimiento_2025-10-23,0.00011218099783764912
Fecha_vencimiento_2025-07-26,0.0001121752336783194
Fecha_vencimiento_2024-12-25,0.00011216605285708669
Fecha_vencimiento_2027-11-17,0.00011210454747550369
Fecha_vencimiento_2028-08-01,0.00011207594832207359
Fecha_vencimiento_2024-12-01,0.0001119878850448423
Fecha_vencimiento_2026-02-06,0.00011198567515992281
Fecha_vencimiento_2028-02-20,0.00011198092384350972
Fecha_vencimiento_2028-01-22,0.00011197949210946514
Fecha_vencimiento_2028-04-24,0.00011195182619886252
Fecha_vencimiento_2028-04-20,0.00011191836148915006
Fecha_vencimiento_2025-11-10,0.00011180820492302488
Fecha_vencimiento_2028-07-03,0.00011180299667472139
Fecha_vencimiento_2026-01-27,0.00011177784534083078
Fecha_vencimiento_2025-02-27,0.0001117634394500748
Fecha_vencimiento_2025-11-27,0.0001117623271115926
Fecha_vencimiento_2028-04-26,0.00011176046746113248
Fecha_vencimiento_2027-12-30,0.00011162595343621978
Fecha_vencimiento_2027-07-20,0.00011159257396474806
Fecha_vencimiento_2027-12-11,0.00011158218822552374
Fecha_vencimiento_2026-12-10,0.00011156508849738898
Fecha_vencimiento_2026-03-31,0.00011148364596855225
Fecha_vencimiento_2026-05-10,0.00011144669814564323
Fecha_vencimiento_2027-01-10,0.00011142590953585821
Fecha_vencimiento_2027-10-24,0.0001114068885231094
Fecha_vencimiento_2025-01-03,0.00011136025549243108
Fecha_vencimiento_2026-01-08,0.00011132630140855007
Fecha_vencimiento_2024-12-11,0.00011130882741155091
Fecha_vencimiento_2028-04-18,0.00011123438333554085
Fecha_vencimiento_2025-07-15,0.00011122407425552236
Fecha_vencimiento_2025-03-10,0.00011114394164655453
Fecha_vencimiento_2027-07-25,0.00011114225370647514
Fecha_vencimiento_2028-09-02,0.00011109253842929767
Fecha_vencimiento_2027-01-08,0.0001110148254687176
Fecha_vencimiento_2027-05-07,0.000110924976638124
Fecha_vencimiento_2027-11-01,0.00011081257671957282
Fecha_vencimiento_2025-09-28,0.0001107499597690766
Fecha_vencimiento_2027-05-09,0.00011073850810633002
Fecha_vencimiento_2026-11-02,0.00011069902355831301
Fecha_vencimiento_2028-01-02,0.00011061690477114135
Fecha_vencimiento_2028-07-10,0.00011059586217149274
Fecha_vencimiento_2025-01-15,0.000110524119162762
Fecha_vencimiento_2026-10-26,0.00011042399630982683
Fecha_vencimiento_2028-02-04,0.0001103269873539488
Fecha_vencimiento_2026-08-17,0.00011030006452671573
Fecha_vencimiento_2028-01-17,0.00011021234006990651
Fecha_vencimiento_2026-08-23,0.00011021125308966833
Fecha_vencimiento_2027-08-26,0.00011011168815051075
Fecha_vencimiento_2028-05-01,0.00011009045750326497
Fecha_vencimiento_2027-02-07,0.00011000713245047206
Fecha_vencimiento_2028-06-20,0.00011000179340869209
Fecha_vencimiento_2028-07-16,0.0001099856843907433
Fecha_vencimiento_2026-06-02,0.00010991920575539181
Fecha_vencimiento_2028-03-13,0.00010989184355532678
Fecha_vencimiento_2025-07-23,0.00010987729493564999
Fecha_vencimiento_2028-06-18,0.00010985520885799837
Fecha_vencimiento_2024-11-03,0.00010980986666242293
Fecha_vencimiento_2027-02-04,0.00010979633365527025
Fecha_vencimiento_2028-09-17,0.00010976516908637929
Fecha_vencimiento_2026-01-09,0.00010972720988581584
Fecha_vencimiento_2027-09-26,0.00010969824798425464
Fecha_vencimiento_2025-09-10,0.00010962895578276802
Fecha_vencimiento_2028-01-27,0.00010962602355587993
Fecha_vencimiento_2027-04-16,0.00010958652369335634
Fecha_vencimiento_2025-02-22,0.00010942319664272948
Fecha_vencimiento_2025-03-26,0.00010939133917501396
Fecha_vencimiento_2024-09-29,0.00010937211199570207
Fecha_vencimiento_2026-02-07,0.00010936119575607233
Fecha_vencimiento_2027-12-04,0.00010932933816705925
Fecha_vencimiento_2027-03-08,0.00010928548238719767
Fecha_vencimiento_2026-05-15,0.00010928134159131169
Fecha_vencimiento_2026-08-10,0.00010902606055685319
Fecha_vencimiento_2026-09-15,0.00010901526064436115
Fecha_vencimiento_2026-07-02,0.00010897334379378916
Fecha_vencimiento_2027-04-03,0.00010894688120532171
Fecha_vencimiento_2026-05-22,0.00010886973354691444
Fecha_vencimiento_2025-01-26,0.00010886404740886902
Fecha_vencimiento_2028-08-23,0.00010873491306164416
Fecha_vencimiento_2026-08-05,0.0001087078440559232
Fecha_vencimiento_2025-06-06,0.00010860986827769087
Fecha_vencimiento_2027-04-08,0.00010853130606712039
Fecha_vencimiento_2024-09-20,0.00010848271420743814
Fecha_vencimiento_2025-07-30,0.00010845389831085322
Fecha_vencimiento_2025-01-31,0.00010844514672829275
Fecha_vencimiento_2027-03-15,0.00010843382553623525
Fecha_vencimiento_2026-03-21,0.00010842589572722958
Fecha_vencimiento_2026-07-25,0.00010841035462241193
Fecha_vencimiento_2026-09-27,0.00010839871957128179
Fecha_vencimiento_2025-10-12,0.00010835455169765551
Fecha_vencimiento_2027-08-24,0.0001083012639353901
Fecha_vencimiento_2026-05-14,0.00010828280473081466
Fecha_vencimiento_2027-09-02,0.00010824168143880348
Fecha_vencimiento_2027-02-18,0.00010822586087204059
Fecha_vencimiento_2024-10-13,0.0001081945472457181
Fecha_vencimiento_2026-03-24,0.00010817391181211036
Fecha_vencimiento_2027-01-01,0.00010813941424116469
Fecha_vencimiento_2025-12-03,0.00010802366076387879
Fecha_vencimiento_2026-01-11,0.00010799107951416458
Fecha_vencimiento_2026-02-16,0.00010790132856201472
Fecha_vencimiento_2025-09-12,0.00010786227437147564
Fecha_vencimiento_2025-04-06,0.00010785385137673803
Fecha_vencimiento_2027-08-21,0.00010775505082840227
Fecha_vencimiento_2025-04-03,0.000107706678039192
Fecha_vencimiento_2025-08-02,0.0001076711466298537
Fecha_vencimiento_2025-05-14,0.00010755479892211523
Fecha_vencimiento_2027-06-23,0.00010746826923721261
Fecha_vencimiento_2026-07-07,0.00010743660154774417
Fecha_vencimiento_2025-02-20,0.0001074340824913582
Fecha_vencimiento_2026-07-23,0.00010742891152504991
Fecha_vencimiento_2026-07-09,0.00010734725497489409
Fecha_vencimiento_2024-12-19,0.00010733588494129661
Fecha_vencimiento_2025-04-23,0.00010720379847312598
Fecha_vencimiento_2028-01-28,0.00010718352607478811
Fecha_vencimiento_2026-07-01,0.00010716835274283969
Fecha_vencimiento_2025-04-17,0.00010714829805991148
Fecha_vencimiento_2027-01-26,0.00010697229146252427
Fecha_vencimiento_2024-10-26,0.00010695405661758809
Fecha_vencimiento_2026-10-27,0.00010695018033095518
Fecha_vencimiento_2026-05-23,0.0001069063063711057
Fecha_vencimiento_2027-04-10,0.00010690434168584965
Fecha_vencimiento_2027-10-01,0.00010687173298115499
Fecha_vencimiento_2028-03-23,0.00010642244342219007
Fecha_vencimiento_2024-10-15,0.00010638852991375205
Fecha_vencimiento_2026-04-18,0.00010634707686871318
Fecha_vencimiento_2027-02-24,0.0001063447503859862
Fecha_vencimiento_2028-02-02,0.00010633420608764962
Fecha_vencimiento_2028-06-10,0.00010621132490270977
Fecha_vencimiento_2028-08-30,0.00010620188935100951
Fecha_vencimiento_2026-11-29,0.00010619889880720126
Fecha_vencimiento_2025-02-08,0.00010612758607396306
Fecha_vencimiento_2027-08-04,0.00010611934238219396
Fecha_vencimiento_2024-10-05,0.00010610029228656247
Fecha_vencimiento_2028-05-03,0.00010606938220403862
Fecha_vencimiento_2028-04-19,0.00010591889193219836
Fecha_vencimiento_2027-05-21,0.00010591786197374256
Fecha_vencimiento_2027-07-30,0.0001058344985361119
Fecha_vencimiento_2027-06-08,0.00010581469103866813
Fecha_vencimiento_2028-02-10,0.00010580990968174057
Fecha_vencimiento_2025-12-27,0.00010580566046110305
Fecha_vencimiento_2025-12-20,0.00010578329907346283
Fecha_vencimiento_2026-01-17,0.00010569754643505422
Fecha_vencimiento_2028-03-28,0.00010564893127485345
Fecha_vencimiento_2028-07-07,0.00010557005292096379
Fecha_vencimiento_2025-02-17,0.00010555716262765609
Fecha_vencimiento_2026-04-25,0.00010543461059657582
Fecha_vencimiento_2025-05-13,0.00010539139146953639
Fecha_vencimiento_2024-12-04,0.00010535003116174814
Fecha_vencimiento_2027-12-14,0.00010533518746783561
Fecha_vencimiento_2028-01-19,0.00010532470949586589
Fecha_vencimiento_2027-07-31,0.00010529858597107862
Fecha_vencimiento_2025-01-02,0.00010528234921954296
Fecha_vencimiento_2027-03-31,0.00010522243913108233
Fecha_vencimiento_2024-10-19,0.00010520928454423799
Fecha_vencimiento_2024-11-13,0.00010515287676553429
Fecha_vencimiento_2028-08-24,0.00010508134277885652
Fecha_vencimiento_2026-05-11,0.00010506365746071287
Fecha_vencimiento_2026-11-10,0.00010503818486241472
Fecha_vencimiento_2028-01-01,0.00010500919299740209
Fecha_vencimiento_2025-07-02,0.0001049867931839711
Fecha_vencimiento_2028-05-30,0.00010494769949486888
Fecha_vencimiento_2025-03-07,0.00010486550005271794
Fecha_vencimiento_2026-06-06,0.00010480202438828708
Fecha_vencimiento_2027-03-14,0.00010478296954268155
Fecha_vencimiento_2027-06-18,0.00010476393449453518
Fecha_vencimiento_2026-11-26,0.00010469852704164591
Fecha_vencimiento_2027-12-13,0.00010466189627401234
Fecha_vencimiento_2026-01-07,0.00010465108094457263
Fecha_vencimiento_2024-09-25,0.00010463871281835127
Fecha_vencimiento_2027-10-30,0.00010462085012138152
Fecha_vencimiento_2027-06-24,0.00010457102328270678
Fecha_vencimiento_2027-09-14,0.00010450889183545837
Fecha_vencimiento_2025-05-03,0.00010448651364244787
Fecha_vencimiento_2026-08-16,0.0001044242234858072
Fecha_vencimiento_2025-08-09,0.00010436279338977021
Fecha_vencimiento_2026-09-17,0.00010434328111540834
Fecha_vencimiento_2025-05-30,0.00010431490180135017
Fecha_vencimiento_2026-12-14,0.00010425737066858056
Fecha_vencimiento_2026-11-23,0.00010424042301090425
Fecha_vencimiento_2026-10-15,0.00010420664845315112
Fecha_vencimiento_2025-06-10,0.00010419205933954059
Fecha_vencimiento_2025-02-23,0.0001041464272953332
Fecha_vencimiento_2028-08-20,0.00010414563743467956
Fecha_vencimiento_2027-03-12,0.00010409716027757665
Fecha_vencimiento_2027-12-20,0.00010409147581835105
Fecha_vencimiento_2027-09-11,0.00010408708012665398
Fecha_vencimiento_2028-04-09,0.00010408171971606864
Fecha_vencimiento_2028-05-02,0.00010400058559803041
Fecha_vencimiento_2025-03-22,0.00010398509904984356
Fecha_vencimiento_2026-06-24,0.00010396448471478338
Fecha_vencimiento_2027-01-03,0.00010391659413507453
Fecha_vencimiento_2026-04-20,0.00010382236840584268
Fecha_vencimiento_2027-05-18,0.00010375613121546125
Fecha_vencimiento_2027-09-03,0.0001037483875589601
Fecha_vencimiento_2025-11-12,0.0001034283328429193
Fecha_vencimiento_2025-10-07,0.00010342733493680243
Fecha_vencimiento_2027-12-12,0.00010341612390364174
Fecha_vencimiento_2028-07-22,0.00010340789650925982
Fecha_vencimiento_2028-03-30,0.00010339052899285344
Fecha_vencimiento_2025-12-11,0.00010338852107933327
Fecha_vencimiento_2026-03-30,0.00010335543127519092
Fecha_vencimiento_2026-08-03,0.00010332071628300113
Fecha_vencimiento_2027-06-21,0.0001033064742476527
Fecha_vencimiento_2027-03-17,0.00010329241327034065
Fecha_vencimiento_2028-02-18,0.0001032846455013166
Fecha_vencimiento_2028-03-04,0.00010324248932835743
Fecha_vencimiento_2028-04-06,0.00010320213650216612
Fecha_vencimiento_2025-07-19,0.0001031215749910929
Fecha_vencimiento_2027-03-20,0.00010310774523267668
Fecha_vencimiento_2025-10-14,0.0001029821524958317
Fecha_vencimiento_2028-09-01,0.00010296993932360636
Fecha_vencimiento_2027-08-01,0.00010283572325907154
Fecha_vencimiento_2026-03-26,0.00010276350146834915
Fecha_vencimiento_2025-06-22,0.00010273120686644844
Fecha_vencimiento_2028-08-07,0.00010272115439183242
Fecha_vencimiento_2028-01-13,0.00010271091513889405
Fecha_vencimiento_2026-02-09,0.0001027062093367626
Fecha_vencimiento_2025-10-01,0.00010268943099542596
Fecha_vencimiento_2025-04-18,0.00010266182364667973
Fecha_vencimiento_2026-04-30,0.00010265605587157523
Fecha_vencimiento_2027-12-10,0.00010250455672033881
Fecha_vencimiento_2024-11-09,0.00010248554831453339
Fecha_vencimiento_2025-12-21,0.00010229656544912734
Fecha_vencimiento_2027-05-02,0.00010226963172786654
Fecha_vencimiento_2027-08-09,0.000102196400237988
Fecha_vencimiento_2028-05-17,0.00010218947467058015
Fecha_vencimiento_2025-03-05,0.00010207010371267329
Fecha_vencimiento_2026-10-02,0.00010205982352043771
Fecha_vencimiento_2027-01-12,0.00010204322956162658
Fecha_vencimiento_2027-10-04,0.0001019945147835121
Fecha_vencimiento_2026-06-08,0.00010196518816974335
Fecha_vencimiento_2027-12-06,0.00010196060374082004
Fecha_vencimiento_2027-12-07,0.00010191407380077775
Fecha_vencimiento_2025-09-20,0.00010190427480696995
Fecha_vencimiento_2026-10-11,0.00010187706082368183
Fecha_vencimiento_2024-12-29,0.00010182458757650186
Fecha_vencimiento_2025-04-14,0.0001018056233711936
Fecha_vencimiento_2026-03-16,0.00010180369383858418
Fecha_vencimiento_2027-07-14,0.00010174859061351773
Fecha_vencimiento_2027-08-02,0.00010170975465645545
Fecha_vencimiento_2025-10-13,0.00010158029979515962
Fecha_vencimiento_2025-01-04,0.00010156529215908257
Fecha_vencimiento_2027-11-03,0.00010154683481872795
Fecha_vencimiento_2027-04-14,0.00010148685268603462
Fecha_vencimiento_2028-09-11,0.00010140209977869639
Fecha_vencimiento_2028-02-22,0.000101394164172847
Fecha_vencimiento_2028-04-29,0.00010137377373480887
Fecha_vencimiento_2026-02-28,0.00010130701445792751
Fecha_vencimiento_2024-12-22,0.00010119380293030722
Fecha_vencimiento_2027-04-19,0.00010109980017616731
Fecha_vencimiento_2025-06-07,0.00010108795882022472
Fecha_vencimiento_2024-10-22,0.00010107944234723485
Fecha_vencimiento_2026-08-31,0.00010105617432681937
Fecha_vencimiento_2025-02-09,0.00010105313176695525
Fecha_vencimiento_2025-07-22,0.00010104605024123524
Fecha_vencimiento_2025-12-22,0.00010103466581890497
Fecha_vencimiento_2027-07-16,0.00010102708663725346
Fecha_vencimiento_2025-12-04,0.00010101016022901241
Fecha_vencimiento_2024-11-12,0.00010099541845879828
Fecha_vencimiento_2026-10-05,0.00010085734177255764
Fecha_vencimiento_2025-08-28,0.00010085612136082097
Fecha_vencimiento_2024-12-08,0.00010081867614530452
Fecha_vencimiento_2028-02-13,0.000100773985286855
Fecha_vencimiento_2026-12-13,0.00010076332043106436
Fecha_vencimiento_2024-11-04,0.00010063658285926726
Fecha_vencimiento_2024-10-07,0.00010063612859046644
Fecha_vencimiento_2026-07-10,0.0001006131602947492
Fecha_vencimiento_2027-10-20,0.00010060196637899868
Fecha_vencimiento_2025-01-12,0.00010058362806078542
Fecha_vencimiento_2027-09-13,0.00010048510575286663
Fecha_vencimiento_2026-07-18,0.00010045470527797828
Fecha_vencimiento_2025-05-25,0.00010039966105425646
Fecha_vencimiento_2027-02-26,0.00010034534362558877
Fecha_vencimiento_2026-04-11,0.00010033703459089746
Fecha_vencimiento_2025-09-25,0.00010033339368192479
Fecha_vencimiento_2026-03-19,0.00010032065522351347
Fecha_vencimiento_2024-10-14,0.00010029612592612066
Fecha_vencimiento_2025-06-04,0.00010026138858476894
Fecha_vencimiento_2027-12-26,0.0001002319750018459
Fecha_vencimiento_2026-04-26,0.0001002182952142836
Fecha_vencimiento_2026-04-28,0.00010015417916520706
Fecha_vencimiento_2028-02-07,0.00010014443985117355
Fecha_vencimiento_2026-01-30,0.00010008972494908535
Fecha_vencimiento_2026-01-25,0.00010008664107689954
Fecha_vencimiento_2028-05-05,0.00010006394366722384
Fecha_vencimiento_2026-02-21,0.00010002301987356507
Fecha_vencimiento_2025-01-28,0.00010002162252580233
Fecha_vencimiento_2025-03-12,9.979129293976775e-05
Fecha_vencimiento_2025-12-14,9.9760448103874e-05
Fecha_vencimiento_2028-05-06,9.970833184562834e-05
Fecha_vencimiento_2026-03-02,9.96931133411906e-05
Fecha_vencimiento_2027-07-05,9.964455689861957e-05
Fecha_vencimiento_2028-07-02,9.946873494774722e-05
Fecha_vencimiento_2027-12-03,9.94629446079738e-05
Fecha_vencimiento_2026-10-09,9.940471138875044e-05
Fecha_vencimiento_2026-04-03,9.932836767860318e-05
Fecha_vencimiento_2025-02-19,9.930733047332689e-05
Fecha_vencimiento_2026-06-05,9.922855372462491e-05
Fecha_vencimiento_2027-08-29,9.921967931048921e-05
Fecha_vencimiento_2026-06-26,9.919316604698662e-05
Fecha_vencimiento_2028-08-19,9.918680352886649e-05
Fecha_vencimiento_2026-01-04,9.908618979205362e-05
Fecha_vencimiento_2026-11-13,9.904724087646583e-05
Fecha_vencimiento_2026-08-24,9.899020921751828e-05
Fecha_vencimiento_2027-03-18,9.896120372416093e-05
Fecha_vencimiento_2025-05-08,9.896000815317734e-05
Fecha_vencimiento_2024-11-24,9.884357829010562e-05
Fecha_vencimiento_2025-04-08,9.881260772618592e-05
Fecha_vencimiento_2025-12-28,9.880675689758049e-05
Fecha_vencimiento_2025-08-22,9.878200382106441e-05
Fecha_vencimiento_2027-09-01,9.877748994973543e-05
Fecha_vencimiento_2028-05-23,9.877141442321865e-05
Fecha_vencimiento_2025-09-30,9.870560247678509e-05
Fecha_vencimiento_2024-10-16,9.868891307388256e-05
Fecha_vencimiento_2025-05-24,9.863619424474513e-05
Fecha_vencimiento_2026-08-01,9.863479164510054e-05
Fecha_vencimiento_2026-11-12,9.859387191008903e-05
Fecha_vencimiento_2028-04-25,9.849059140496827e-05
Fecha_vencimiento_2028-06-22,9.824342298111349e-05
Fecha_vencimiento_2024-11-22,9.808021767823727e-05
Fecha_vencimiento_2025-11-20,9.794365332477577e-05
Fecha_vencimiento_2025-03-14,9.793431663775818e-05
Fecha_vencimiento_2027-03-04,9.785945913383639e-05
Fecha_vencimiento_2027-12-29,9.784277805783043e-05
Fecha_vencimiento_2028-02-17,9.784113253486766e-05
Fecha_vencimiento_2026-08-18,9.774273822880704e-05
Fecha_vencimiento_2027-02-15,9.755231654543313e-05
Fecha_vencimiento_2025-03-24,9.749526522150913e-05
Fecha_vencimiento_2025-12-06,9.726442848273907e-05
Fecha_vencimiento_2026-02-17,9.725248561699956e-05
Fecha_vencimiento_2025-04-21,9.722045293542835e-05
Fecha_vencimiento_2027-12-23,9.720203747551726e-05
Fecha_vencimiento_2024-12-14,9.717451485314809e-05
Fecha_vencimiento_2026-03-10,9.713737598637451e-05
Fecha_vencimiento_2025-05-16,9.69554415620325e-05
Fecha_vencimiento_2027-08-12,9.69178537493439e-05
Fecha_vencimiento_2025-03-20,9.689753271952128e-05
Fecha_vencimiento_2026-12-04,9.687894776276466e-05
Fecha_vencimiento_2025-04-04,9.671736862706029e-05
Fecha_vencimiento_2028-09-15,9.671334829430008e-05
Fecha_vencimiento_2025-08-15,9.670028560279718e-05
Fecha_vencimiento_2025-04-11,9.668073212580729e-05
Fecha_vencimiento_2026-06-10,9.667253684434662e-05
Fecha_vencimiento_2027-12-25,9.666995831084534e-05
Fecha_vencimiento_2027-08-10,9.659285780045953e-05
Fecha_vencimiento_2026-10-30,9.656515519232403e-05
Fecha_vencimiento_2026-12-23,9.654701780702367e-05
Fecha_vencimiento_2025-06-21,9.65470109081972e-05
Fecha_vencimiento_2026-07-31,9.650296956820939e-05
Fecha_vencimiento_2025-05-02,9.645242211516555e-05
Fecha_vencimiento_2025-06-23,9.632228090229221e-05
Fecha_vencimiento_2024-09-27,9.631325326478562e-05
Fecha_vencimiento_2025-01-06,9.627152197226736e-05
Fecha_vencimiento_2025-02-02,9.623541287720785e-05
Fecha_vencimiento_2028-03-18,9.620663053567701e-05
Fecha_vencimiento_2028-07-15,9.614522787673896e-05
Fecha_vencimiento_2026-02-22,9.614266014080313e-05
Fecha_vencimiento_2025-09-26,9.605014883794288e-05
Fecha_vencimiento_2025-12-31,9.602928858285268e-05
Fecha_vencimiento_2027-12-28,9.601364698884709e-05
Fecha_vencimiento_2027-07-03,9.594973657932896e-05
Fecha_vencimiento_2026-11-24,9.593617735500422e-05
Fecha_vencimiento_2025-01-21,9.593595852906237e-05
Fecha_vencimiento_2027-06-05,9.570005027240791e-05
Fecha_vencimiento_2027-09-25,9.569067755736086e-05
Fecha_vencimiento_2027-04-04,9.562909150811723e-05
Fecha_vencimiento_2025-11-22,9.562874354210014e-05
Fecha_vencimiento_2028-02-03,9.558649649049004e-05
Fecha_vencimiento_2027-07-10,9.549544213469944e-05
Fecha_vencimiento_2024-12-16,9.54828562283214e-05
Fecha_vencimiento_2025-08-16,9.540603855769595e-05
Fecha_vencimiento_2025-08-06,9.53970353651496e-05
Fecha_vencimiento_2027-10-28,9.536961647092825e-05
Fecha_vencimiento_2026-07-26,9.529136424796089e-05
Fecha_vencimiento_2024-09-21,9.527382525086255e-05
Fecha_vencimiento_2028-03-26,9.510525227956138e-05
Fecha_vencimiento_2027-03-07,9.505646614153164e-05
Fecha_vencimiento_2026-02-08,9.50336023860187e-05
Fecha_vencimiento_2026-05-29,9.492753399177263e-05
Fecha_vencimiento_2026-05-19,9.485999757969768e-05
Fecha_vencimiento_2025-12-17,9.481116141281428e-05
Fecha_vencimiento_2026-07-14,9.477432980829955e-05
Fecha_vencimiento_2024-12-23,9.469676184188667e-05
Fecha_vencimiento_2026-12-03,9.466333874489082e-05
Fecha_vencimiento_2026-03-15,9.459302905449063e-05
Fecha_vencimiento_2028-07-08,9.452102881154512e-05
Fecha_vencimiento_2026-07-12,9.450912574378148e-05
Fecha_vencimiento_2027-05-04,9.447478678298512e-05
Fecha_vencimiento_2028-06-02,9.446917431568402e-05
Fecha_vencimiento_2026-01-28,9.44614097542797e-05
Fecha_vencimiento_2025-06-03,9.441290724796113e-05
Fecha_vencimiento_2025-05-31,9.441176251748584e-05
Fecha_vencimiento_2028-08-06,9.434851115170523e-05
Fecha_vencimiento_2028-08-27,9.430229562811756e-05
Fecha_vencimiento_2027-01-29,9.424786682212698e-05
Fecha_vencimiento_2028-06-25,9.422380803750439e-05
Fecha_vencimiento_2027-08-11,9.421673719711824e-05
Fecha_vencimiento_2025-06-26,9.418158362714592e-05
Fecha_vencimiento_2026-10-23,9.41555599994188e-05
Fecha_vencimiento_2026-04-23,9.413948306878037e-05
Fecha_vencimiento_2026-09-26,9.398770719424629e-05
Fecha_vencimiento_2027-01-17,9.393281861953503e-05
Fecha_vencimiento_2024-11-20,9.391498722304035e-05
Fecha_vencimiento_2027-06-06,9.378945163995892e-05
Fecha_vencimiento_2027-05-14,9.371244087936157e-05
Fecha_vencimiento_2026-12-20,9.36713796850234e-05
Fecha_vencimiento_2027-05-11,9.362945562941639e-05
Fecha_vencimiento_2024-09-23,9.362478587201102e-05
Fecha_vencimiento_2026-04-12,9.356237930234113e-05
Fecha_vencimiento_2026-08-02,9.355895831330209e-05
Fecha_vencimiento_2026-01-31,9.348360392783875e-05
Fecha_vencimiento_2028-03-10,9.348134762222234e-05
Fecha_vencimiento_2027-02-19,9.343533198429623e-05
Fecha_vencimiento_2025-06-28,9.341653602752146e-05
Fecha_vencimiento_2027-01-13,9.338890748594145e-05
Fecha_vencimiento_2027-03-23,9.33731000146991e-05
Fecha_vencimiento_2026-05-12,9.32818153136458e-05
Fecha_vencimiento_2025-06-19,9.326456143483118e-05
Fecha_vencimiento_2025-09-02,9.325725697826617e-05
Fecha_vencimiento_2025-09-29,9.304467614826432e-05
Fecha_vencimiento_2028-09-04,9.304335830439853e-05
Fecha_vencimiento_2025-08-23,9.298485476935944e-05
Fecha_vencimiento_2024-10-29,9.296326212312739e-05
Fecha_vencimiento_2025-01-20,9.278019480812784e-05
Fecha_vencimiento_2026-05-30,9.269340771968155e-05
Fecha_vencimiento_2025-02-15,9.267054112616362e-05
Fecha_vencimiento_2025-10-25,9.266261957639448e-05
Fecha_vencimiento_2027-08-20,9.263888460248747e-05
Fecha_vencimiento_2028-03-12,9.262499840945098e-05
Fecha_vencimiento_2027-08-13,9.257843732975208e-05
Fecha_vencimiento_2027-08-30,9.256592179697547e-05
Fecha_vencimiento_2027-06-04,9.255177045391485e-05
Fecha_vencimiento_2027-01-14,9.253011599560647e-05
Fecha_vencimiento_2026-10-21,9.24887351120714e-05
Fecha_vencimiento_2028-01-23,9.24821115940575e-05
Fecha_vencimiento_2027-11-28,9.246563606067943e-05
Fecha_vencimiento_2026-10-03,9.246377452008611e-05
Fecha_vencimiento_2028-09-06,9.234643057303893e-05
Fecha_vencimiento_2028-02-05,9.233700633230903e-05
Fecha_vencimiento_2025-04-01,9.233673884922183e-05
Fecha_vencimiento_2028-05-14,9.230699739181849e-05
Fecha_vencimiento_2024-12-26,9.230213803123659e-05
Fecha_vencimiento_2025-01-22,9.225150937862791e-05
Fecha_vencimiento_2026-03-06,9.223985343812693e-05
Fecha_vencimiento_2025-02-07,9.223827008830795e-05
Fecha_vencimiento_2025-02-26,9.223006613963857e-05
Fecha_vencimiento_2025-10-26,9.222065139303484e-05
Fecha_vencimiento_2027-09-24,9.211149110293848e-05
Fecha_vencimiento_2028-07-01,9.202759840216161e-05
Fecha_vencimiento_2027-10-13,9.19403555217715e-05
Fecha_vencimiento_2025-05-22,9.192785618383623e-05
Fecha_vencimiento_2025-11-19,9.18479034987392e-05
Fecha_vencimiento_2026-08-11,9.183007852708557e-05
Fecha_vencimiento_2028-06-05,9.177486270375841e-05
Fecha_vencimiento_2026-05-16,9.176860275780774e-05
Fecha_vencimiento_2026-06-21,9.175878495395932e-05
Fecha_vencimiento_2027-05-03,9.16936751969042e-05
Fecha_vencimiento_2028-01-25,9.164580647174597e-05
Fecha_vencimiento_2028-05-08,9.16078756847066e-05
Fecha_vencimiento_2028-03-25,9.152004689949174e-05
Fecha_vencimiento_2025-12-23,9.148257320138262e-05
Fecha_vencimiento_2028-04-17,9.146019155293422e-05
Fecha_vencimiento_2026-12-22,9.141663009965138e-05
Fecha_vencimiento_2025-01-19,9.127249822567784e-05
Fecha_vencimiento_2028-09-19,9.123854421410941e-05
Fecha_vencimiento_2027-11-14,9.122746839903433e-05
Fecha_vencimiento_2025-10-20,9.120171936670093e-05
Fecha_vencimiento_2028-05-29,9.118305580938803e-05
Fecha_vencimiento_2026-12-06,9.115571650085881e-05
Fecha_vencimiento_2026-01-26,9.107840862417906e-05
Fecha_vencimiento_2025-03-16,9.097682188682552e-05
Fecha_vencimiento_2025-09-17,9.097245028387069e-05
Fecha_vencimiento_2026-11-04,9.091727304242329e-05
Fecha_vencimiento_2027-04-20,9.086824863255633e-05
Fecha_vencimiento_2025-08-25,9.083233914322232e-05
Fecha_vencimiento_2026-05-20,9.07695970513201e-05
Fecha_vencimiento_2024-12-10,9.072431323410752e-05
Fecha_vencimiento_2027-09-16,9.070062088415295e-05
Fecha_vencimiento_2026-08-04,9.06829766871411e-05
Fecha_vencimiento_2026-02-02,9.067241560766547e-05
Fecha_vencimiento_2024-11-05,9.064386571427489e-05
Fecha_vencimiento_2026-03-07,9.057508228796047e-05
Fecha_vencimiento_2026-03-08,9.054423762207499e-05
Fecha_vencimiento_2027-08-25,9.053158977209517e-05
Fecha_vencimiento_2026-05-27,9.050136473707216e-05
Fecha_vencimiento_2026-05-08,9.049331843647024e-05
Fecha_vencimiento_2026-08-19,9.042516367530928e-05
Fecha_vencimiento_2025-07-04,9.042478068088311e-05
Fecha_vencimiento_2025-11-11,9.040362608872764e-05
Fecha_vencimiento_2026-11-14,9.038790295139946e-05
Fecha_vencimiento_2025-09-05,9.033297866012744e-05
Fecha_vencimiento_2026-07-20,9.028584813169224e-05
Fecha_vencimiento_2026-12-18,9.014472399440239e-05
Fecha_vencimiento_2026-01-21,9.009083182632783e-05
Fecha_vencimiento_2028-02-14,9.008857071440005e-05
Fecha_vencimiento_2025-08-24,9.008745463142232e-05
Fecha_vencimiento_2025-02-25,9.004702754886944e-05
Fecha_vencimiento_2028-04-05,9.004506297620697e-05
Fecha_vencimiento_2028-05-25,8.999810936872735e-05
Fecha_vencimiento_2026-01-29,8.999583646968687e-05
Fecha_vencimiento_2025-11-16,8.993644690371476e-05
Fecha_vencimiento_2026-04-16,8.989082287629111e-05
Fecha_vencimiento_2026-02-19,8.975848042428411e-05
Fecha_vencimiento_2026-12-26,8.960085172455744e-05
Fecha_vencimiento_2026-04-02,8.944038744428484e-05
Fecha_vencimiento_2025-11-28,8.941093887033437e-05
Fecha_vencimiento_2028-07-27,8.938780028920698e-05
Fecha_vencimiento_2026-09-13,8.936331053623986e-05
Fecha_vencimiento_2025-03-13,8.934076508981057e-05
Fecha_vencimiento_2027-08-06,8.926022845549802e-05
Fecha_vencimiento_2028-03-02,8.915259860435886e-05
Fecha_vencimiento_2028-03-17,8.914670047398047e-05
Fecha_vencimiento_2026-09-19,8.906813132593505e-05
Fecha_vencimiento_2025-11-05,8.901753511459289e-05
Fecha_vencimiento_2027-06-19,8.900640381951551e-05
Fecha_vencimiento_2028-07-25,8.891006939622915e-05
Fecha_vencimiento_2028-06-17,8.872505806587848e-05
Fecha_vencimiento_2028-08-29,8.869377734658321e-05
Fecha_vencimiento_2024-12-17,8.862507778349464e-05
Fecha_vencimiento_2024-11-08,8.860161042662319e-05
Fecha_vencimiento_2028-08-09,8.860136154302383e-05
Fecha_vencimiento_2025-05-26,8.85706799123954e-05
Fecha_vencimiento_2027-11-19,8.85526796211249e-05
Fecha_vencimiento_2025-09-22,8.854788523137729e-05
Fecha_vencimiento_2025-11-15,8.837452567994344e-05
Fecha_vencimiento_2024-11-02,8.819368801040406e-05
Fecha_vencimiento_2027-04-21,8.818470357630206e-05
Fecha_vencimiento_2028-04-10,8.811865540936813e-05
Fecha_vencimiento_2026-02-26,8.807930205618986e-05
Fecha_vencimiento_2028-07-04,8.80173043309876e-05
Fecha_vencimiento_2028-03-06,8.792258506410952e-05
Fecha_vencimiento_2027-12-09,8.789751077057194e-05
Fecha_vencimiento_2026-11-21,8.788290411972452e-05
Fecha_vencimiento_2027-08-08,8.781839035408019e-05
Fecha_vencimiento_2025-11-07,8.780284899798603e-05
Fecha_vencimiento_2025-04-26,8.779833523148189e-05
Fecha_vencimiento_2026-07-16,8.749203187266524e-05
Fecha_vencimiento_2027-07-29,8.746628496370265e-05
Fecha_vencimiento_2026-05-03,8.738210868533039e-05
Fecha_vencimiento_2026-01-15,8.733425974597087e-05
Fecha_vencimiento_2025-12-29,8.732345213932899e-05
Fecha_vencimiento_2028-04-08,8.726668074450009e-05
Fecha_vencimiento_2027-09-18,8.722301353134988e-05
Fecha_vencimiento_2026-10-18,8.721690397291115e-05
Fecha_vencimiento_2028-06-12,8.716572130347525e-05
Fecha_vencimiento_2028-06-27,8.7152669873058e-05
Fecha_vencimiento_2026-03-22,8.703951388874423e-05
Fecha_vencimiento_2028-07-30,8.697067648649463e-05
Fecha_vencimiento_2028-07-12,8.69437257388159e-05
Fecha_vencimiento_2026-01-19,8.693056596906512e-05
Fecha_vencimiento_2025-03-11,8.688315203315252e-05
Fecha_vencimiento_2024-10-31,8.687588353320558e-05
Fecha_vencimiento_2026-03-23,8.686774727549564e-05
Fecha_vencimiento_2026-08-12,8.686089960749605e-05
Fecha_vencimiento_2028-07-20,8.682203357611954e-05
Fecha_vencimiento_2026-03-04,8.679507187235881e-05
Fecha_vencimiento_2027-12-22,8.678317014260375e-05
Fecha_vencimiento_2028-01-05,8.676854629781403e-05
Fecha_vencimiento_2027-07-06,8.668874053034606e-05
Fecha_vencimiento_2027-05-22,8.668214820556586e-05
Fecha_vencimiento_2026-09-21,8.667229197543577e-05
Fecha_vencimiento_2026-11-18,8.664915078647619e-05
Fecha_vencimiento_2027-01-11,8.660953231681043e-05
Fecha_vencimiento_2028-09-14,8.658545536927099e-05
Fecha_vencimiento_2027-02-06,8.651691033017353e-05
Fecha_vencimiento_2025-02-18,8.648730792819011e-05
Fecha_vencimiento_2027-10-02,8.648499368002934e-05
Fecha_vencimiento_2026-01-23,8.641441386426084e-05
Fecha_vencimiento_2028-03-27,8.630408913380188e-05
Fecha_vencimiento_2025-03-18,8.62851427771264e-05
Fecha_vencimiento_2025-12-02,8.627913701166856e-05
Fecha_vencimiento_2025-06-27,8.624383278123582e-05
Fecha_vencimiento_2025-09-09,8.623652720499547e-05
Fecha_vencimiento_2025-09-23,8.619886038988366e-05
Fecha_vencimiento_2028-05-27,8.616474984222192e-05
Fecha_vencimiento_2027-12-24,8.610998796022811e-05
Fecha_vencimiento_2026-02-27,8.600474144847099e-05
Fecha_vencimiento_2025-07-09,8.595439780687648e-05
Fecha_vencimiento_2024-10-21,8.595038047876038e-05
Fecha_vencimiento_2026-09-06,8.582792884252185e-05
Fecha_vencimiento_2027-07-12,8.578360472140777e-05
Fecha_vencimiento_2028-08-21,8.57272526727028e-05
Fecha_vencimiento_2025-12-24,8.568630266407274e-05
Fecha_vencimiento_2026-08-15,8.566863430957659e-05
Fecha_vencimiento_2028-06-16,8.535860679093214e-05
Fecha_vencimiento_2026-08-09,8.533405422721307e-05
Fecha_vencimiento_2026-11-08,8.532411835936473e-05
Fecha_vencimiento_2025-08-20,8.532337064789176e-05
Fecha_vencimiento_2026-09-11,8.523700259158886e-05
Fecha_vencimiento_2025-07-31,8.514155994979713e-05
Fecha_vencimiento_2025-03-27,8.511807926369703e-05
Fecha_vencimiento_2025-06-13,8.511703893933574e-05
Fecha_vencimiento_2025-04-30,8.499825097056923e-05
Fecha_vencimiento_2026-03-20,8.495632267343347e-05
Fecha_vencimiento_2027-03-01,8.494390476397755e-05
Fecha_vencimiento_2025-06-14,8.48844573474383e-05
Fecha_vencimiento_2025-07-24,8.475638251647538e-05
Fecha_vencimiento_2027-06-01,8.471732602447403e-05
Fecha_vencimiento_2027-11-21,8.469260753042456e-05
Fecha_vencimiento_2026-06-15,8.4675780912278e-05
Fecha_vencimiento_2025-04-20,8.458603788479348e-05
Fecha_vencimiento_2026-01-16,8.458530076540076e-05
Fecha_vencimiento_2028-06-06,8.457868839752676e-05
Fecha_vencimiento_2028-07-29,8.45593643160286e-05
Fecha_vencimiento_2024-10-03,8.447689936573e-05
Fecha_vencimiento_2028-03-22,8.440693782559562e-05
Fecha_vencimiento_2025-07-18,8.434550693246122e-05
Fecha_vencimiento_2026-11-25,8.429344060448161e-05
Fecha_vencimiento_2027-08-03,8.423466012051067e-05
Fecha_vencimiento_2026-09-28,8.41525265580642e-05
Fecha_vencimiento_2025-07-16,8.414210773920709e-05
Fecha_vencimiento_2026-06-23,8.402742255899206e-05
Fecha_vencimiento_2028-03-05,8.401251887249122e-05
Fecha_vencimiento_2025-10-05,8.400264056085084e-05
Fecha_vencimiento_2025-05-09,8.39866260963699e-05
Fecha_vencimiento_2028-05-19,8.39326627451187e-05
Fecha_vencimiento_2027-08-23,8.39140367787128e-05
Fecha_vencimiento_2027-02-12,8.388774942066516e-05
Fecha_vencimiento_2026-05-24,8.388576647342885e-05
Fecha_vencimiento_2027-03-29,8.386053225217422e-05
Fecha_vencimiento_2028-05-31,8.380353257530798e-05
Fecha_vencimiento_2025-08-03,8.370596650434936e-05
Fecha_vencimiento_2027-10-17,8.370486123159363e-05
Fecha_vencimiento_2027-08-31,8.351424876127341e-05
Fecha_vencimiento_2024-11-15,8.34698718581174e-05
Fecha_vencimiento_2027-05-25,8.346750691622333e-05
Fecha_vencimiento_2028-04-01,8.340608192626305e-05
Fecha_vencimiento_2025-10-16,8.330122851647065e-05
Fecha_vencimiento_2024-11-07,8.327121295434811e-05
Fecha_vencimiento_2027-04-12,8.326697138906565e-05
Fecha_vencimiento_2028-04-15,8.316697125137719e-05
Fecha_vencimiento_2028-02-27,8.315217227282856e-05
Fecha_vencimiento_2026-11-09,8.311405780112136e-05
Fecha_vencimiento_2026-04-29,8.303582311000178e-05
Fecha_vencimiento_2027-11-06,8.299415124605366e-05
Fecha_vencimiento_2027-12-17,8.292961921812678e-05
Fecha_vencimiento_2027-07-19,8.290596078922561e-05
Fecha_vencimiento_2027-05-19,8.278436371738649e-05
Fecha_vencimiento_2026-03-18,8.276722218643345e-05
Fecha_vencimiento_2026-01-12,8.266213673286182e-05
Fecha_vencimiento_2027-12-01,8.264731848258043e-05
Fecha_vencimiento_2026-07-21,8.263652748669751e-05
Fecha_vencimiento_2026-04-10,8.25841196042343e-05
Fecha_vencimiento_2026-07-27,8.247421408173042e-05
Fecha_vencimiento_2028-09-18,8.246845995874749e-05
Fecha_vencimiento_2026-03-27,8.245188190552943e-05
Fecha_vencimiento_2027-06-07,8.242659102945659e-05
Fecha_vencimiento_2027-09-07,8.232698219472338e-05
Fecha_vencimiento_2026-10-28,8.22438501611481e-05
Fecha_vencimiento_2026-01-24,8.21743944488618e-05
Fecha_vencimiento_2027-02-05,8.210271320484796e-05
Fecha_vencimiento_2028-03-29,8.206746042861328e-05
Fecha_vencimiento_2025-08-08,8.194543194169734e-05
Fecha_vencimiento_2024-10-02,8.19242520568164e-05
Fecha_vencimiento_2026-09-04,8.187883931288378e-05
Fecha_vencimiento_2028-06-01,8.181614220129178e-05
Fecha_vencimiento_2025-06-30,8.176288317856643e-05
Fecha_vencimiento_2026-05-25,8.171547910016962e-05
Fecha_vencimiento_2024-10-24,8.16689401028672e-05
Fecha_vencimiento_2025-09-27,8.157764671199837e-05
Fecha_vencimiento_2028-01-31,8.157490575176543e-05
Fecha_vencimiento_2025-05-15,8.156785218759646e-05
Fecha_vencimiento_2027-12-08,8.151239502400771e-05
Fecha_vencimiento_2028-06-23,8.151081790673386e-05
Fecha_vencimiento_2026-12-19,8.14344709493332e-05
Fecha_vencimiento_2026-12-25,8.139281995165822e-05
Fecha_vencimiento_2027-05-31,8.118528594361654e-05
Fecha_vencimiento_2027-10-14,8.118437281493288e-05
Fecha_vencimiento_2027-03-28,8.11578420331829e-05
Fecha_vencimiento_2028-08-08,8.106884169744639e-05
Fecha_vencimiento_2027-09-27,8.097962401145294e-05
Fecha_vencimiento_2026-03-12,8.09016069008784e-05
Fecha_vencimiento_2027-09-23,8.079654675699103e-05
Fecha_vencimiento_2027-03-30,8.062994985372083e-05
Fecha_vencimiento_2025-05-27,8.062945569515293e-05
Fecha_vencimiento_2028-05-09,8.061563343349848e-05
Fecha_vencimiento_2027-05-28,8.059553057544532e-05
Fecha_vencimiento_2026-08-14,8.05667312811784e-05
Fecha_vencimiento_2025-08-26,8.04120430603847e-05
Fecha_vencimiento_2027-03-10,8.03642196239291e-05
Fecha_vencimiento_2027-04-18,8.029266659530764e-05
Fecha_vencimiento_2025-07-27,8.02182948903059e-05
Fecha_vencimiento_2025-11-17,8.015891125135263e-05
Fecha_vencimiento_2028-05-13,8.009131366841316e-05
Fecha_vencimiento_2025-07-01,8.009027622563385e-05
Fecha_vencimiento_2025-04-24,8.002532520993073e-05
Fecha_vencimiento_2027-02-03,7.991326852878874e-05
Fecha_vencimiento_2027-04-01,7.988289030833375e-05
Fecha_vencimiento_2025-03-23,7.986024986264796e-05
Fecha_vencimiento_2028-03-01,7.972805820090115e-05
Fecha_vencimiento_2025-06-17,7.971938020419248e-05
Fecha_vencimiento_2025-06-20,7.971663871079945e-05
Fecha_vencimiento_2027-01-02,7.970364891154363e-05
Fecha_vencimiento_2026-11-27,7.96841904135855e-05
Fecha_vencimiento_2026-05-13,7.965891532938374e-05
Fecha_vencimiento_2027-10-11,7.964661774496064e-05
Fecha_vencimiento_2027-02-28,7.952283683779356e-05
Fecha_vencimiento_2027-10-19,7.948608382027893e-05
Fecha_vencimiento_2028-08-14,7.947904064531123e-05
Fecha_vencimiento_2026-06-14,7.933147856966009e-05
Fecha_vencimiento_2024-12-07,7.926716486461993e-05
Fecha_vencimiento_2025-05-06,7.924678184988448e-05
Fecha_vencimiento_2027-08-18,7.921816833697481e-05
Fecha_vencimiento_2026-03-01,7.914462588274372e-05
Fecha_vencimiento_2025-11-30,7.91278877380713e-05
Fecha_vencimiento_2025-12-19,7.910295951020243e-05
Fecha_vencimiento_2027-01-19,7.908030961942299e-05
Fecha_vencimiento_2027-09-10,7.905883612648e-05
Fecha_vencimiento_2026-07-05,7.893175449562312e-05
Fecha_vencimiento_2026-12-16,7.891009841863545e-05
Fecha_vencimiento_2024-10-11,7.88977793808279e-05
Fecha_vencimiento_2026-07-06,7.884550533872746e-05
Fecha_vencimiento_2026-04-22,7.880923316979606e-05
Fecha_vencimiento_2027-10-26,7.880230956557732e-05
Fecha_vencimiento_2025-10-28,7.879595315887391e-05
Fecha_vencimiento_2025-10-18,7.875506333540313e-05
Fecha_vencimiento_2027-08-07,7.871661353068979e-05
Fecha_vencimiento_2025-07-14,7.868217544919263e-05
Fecha_vencimiento_2026-09-23,7.866607818941953e-05
Fecha_vencimiento_2025-06-08,7.861209217877371e-05
Fecha_vencimiento_2024-11-11,7.848980874118905e-05
Fecha_vencimiento_2026-01-13,7.844975144610191e-05
Fecha_vencimiento_2025-04-13,7.841094024335816e-05
Fecha_vencimiento_2027-11-20,7.837843171889951e-05
Fecha_vencimiento_2025-11-04,7.830306312291525e-05
Fecha_vencimiento_2027-03-05,7.81996303489461e-05
Fecha_vencimiento_2026-04-24,7.818960850388647e-05
Fecha_vencimiento_2027-08-19,7.805096444258725e-05
Fecha_vencimiento_2024-10-25,7.784429854270066e-05
Fecha_vencimiento_2026-09-22,7.773790769715395e-05
Fecha_vencimiento_2024-12-02,7.771443972429653e-05
Fecha_vencimiento_2027-09-22,7.77074100768161e-05
Fecha_vencimiento_2025-01-07,7.768243404010038e-05
Fecha_vencimiento_2027-02-13,7.758680875141889e-05
Fecha_vencimiento_2026-12-21,7.753690870447607e-05
Fecha_vencimiento_2026-10-17,7.741283064955673e-05
Fecha_vencimiento_2027-10-10,7.730703087375341e-05
Fecha_vencimiento_2025-12-08,7.729242859204601e-05
Fecha_vencimiento_2028-05-16,7.728842239505965e-05
Fecha_vencimiento_2025-11-23,7.719005577554317e-05
Fecha_vencimiento_2024-11-23,7.716291210182544e-05
Fecha_vencimiento_2027-03-26,7.714045853902355e-05
Fecha_vencimiento_2026-11-15,7.71253737159016e-05
Fecha_vencimiento_2025-08-18,7.709672141812811e-05
Fecha_vencimiento_2025-08-29,7.698154668231099e-05
Fecha_vencimiento_2025-01-05,7.697263985989674e-05
Fecha_vencimiento_2026-01-14,7.667558244864745e-05
Fecha_vencimiento_2028-06-26,7.667098554860194e-05
Fecha_vencimiento_2026-04-21,7.667009917246777e-05
Fecha_vencimiento_2024-12-12,7.665656077526882e-05
Fecha_vencimiento_2025-01-14,7.664842265756246e-05
Fecha_vencimiento_2027-11-15,7.662979757212176e-05
Fecha_vencimiento_2024-11-30,7.65924764502719e-05
Fecha_vencimiento_2025-10-11,7.652464945634083e-05
Fecha_vencimiento_2025-11-03,7.650846056890428e-05
Fecha_vencimiento_2025-05-04,7.64544907925442e-05
Fecha_vencimiento_2027-10-09,7.644438497911875e-05
Fecha_vencimiento_2026-02-24,7.635186614251504e-05
Fecha_vencimiento_2027-04-25,7.631588783182587e-05
Fecha_vencimiento_2026-10-22,7.62933555614988e-05
Fecha_vencimiento_2027-07-21,7.628970667532678e-05
Fecha_vencimiento_2027-10-31,7.625105618072823e-05
Fecha_vencimiento_2025-05-29,7.6192883888358e-05
Fecha_vencimiento_2027-09-12,7.617823887520629e-05
Fecha_vencimiento_2026-09-16,7.614948358252261e-05
Fecha_vencimiento_2025-01-16,7.612394921985162e-05
Fecha_vencimiento_2027-04-24,7.608643778220024e-05
Fecha_vencimiento_2025-07-13,7.602673447439471e-05
Fecha_vencimiento_2027-05-10,7.59731870033536e-05
Fecha_vencimiento_2028-08-04,7.596232470659659e-05
Fecha_vencimiento_2025-06-25,7.580006475399154e-05
Fecha_vencimiento_2025-01-09,7.579891817445478e-05
Fecha_vencimiento_2027-05-15,7.578330925124308e-05
Fecha_vencimiento_2028-07-24,7.569515864814417e-05
Fecha_vencimiento_2026-09-02,7.564623672134172e-05
Fecha_vencimiento_2027-11-29,7.563080235244193e-05
Fecha_vencimiento_2024-11-18,7.553203117157027e-05
Fecha_vencimiento_2026-10-20,7.540494322962014e-05
Fecha_vencimiento_2026-06-12,7.528798533498e-05
Fecha_vencimiento_2028-06-29,7.519392855823648e-05
Fecha_vencimiento_2027-04-15,7.517935965838307e-05
Fecha_vencimiento_2027-05-16,7.517751344003651e-05
Fecha_vencimiento_2025-03-31,7.514683787533476e-05
Fecha_vencimiento_2027-04-27,7.504067039237749e-05
Fecha_vencimiento_2026-06-22,7.497724752546619e-05
Fecha_vencimiento_2025-04-22,7.491266375033625e-05
Fecha_vencimiento_2028-06-28,7.486151675259713e-05
Fecha_vencimiento_2024-10-01,7.475085407955491e-05
Fecha_vencimiento_2027-01-20,7.470753685715196e-05
Fecha_vencimiento_2026-08-22,7.465047533918407e-05
Fecha_vencimiento_2027-05-27,7.461111489335635e-05
Fecha_vencimiento_2027-04-26,7.460218874966464e-05
Fecha_vencimiento_2027-03-27,7.459766117784436e-05
Fecha_vencimiento_2027-12-21,7.456368188927786e-05
Fecha_vencimiento_2024-12-18,7.447181219068944e-05
Fecha_vencimiento_2027-09-06,7.440873120026663e-05
Fecha_vencimiento_2028-01-16,7.436392760908577e-05
Fecha_vencimiento_2026-03-09,7.43571868768062e-05
Fecha_vencimiento_2025-05-19,7.423128797037427e-05
Fecha_vencimiento_2028-03-21,7.41960026375345e-05
Fecha_vencimiento_2028-05-07,7.412963754141892e-05
Fecha_vencimiento_2025-09-21,7.410720803108735e-05
Fecha_vencimiento_2028-03-24,7.400088307257189e-05
Fecha_vencimiento_2024-12-31,7.392224018342553e-05
Fecha_vencimiento_2025-11-08,7.38797918793578e-05
Fecha_vencimiento_2028-03-16,7.362036075119227e-05
Fecha_vencimiento_2024-10-09,7.357445867367105e-05
Fecha_vencimiento_2025-10-24,7.356300076027977e-05
Fecha_vencimiento_2027-11-05,7.353884545293807e-05
Fecha_vencimiento_2025-10-04,7.325139584881277e-05
Fecha_vencimiento_2027-12-31,7.321771314486705e-05
Fecha_vencimiento_2027-06-02,7.318024812687571e-05
Fecha_vencimiento_2027-04-07,7.317361835265219e-05
Fecha_vencimiento_2026-06-17,7.299931816077584e-05
Fecha_vencimiento_2027-11-08,7.293432331472143e-05
Fecha_vencimiento_2028-02-08,7.288999210107615e-05
Fecha_vencimiento_2025-10-21,7.285639222700146e-05
Fecha_vencimiento_2027-05-24,7.279094024605572e-05
Fecha_vencimiento_2028-06-11,7.271310392222153e-05
Fecha_vencimiento_2025-03-25,7.267202242914247e-05
Fecha_vencimiento_2025-06-18,7.267057136389361e-05
Fecha_vencimiento_2027-04-17,7.265806048032445e-05
Fecha_vencimiento_2028-07-31,7.251907843421553e-05
Fecha_vencimiento_2025-04-28,7.245275411938179e-05
Fecha_vencimiento_2028-01-12,7.240230115040724e-05
Fecha_vencimiento_2027-05-01,7.235950253269657e-05
Fecha_vencimiento_2027-08-15,7.233801280721277e-05
Fecha_vencimiento_2028-04-14,7.222819336730879e-05
Fecha_vencimiento_2026-06-03,7.22113894057798e-05
Fecha_vencimiento_2028-06-15,7.207462877159256e-05
Fecha_vencimiento_2026-10-04,7.207409921546617e-05
Fecha_vencimiento_2025-02-16,7.198734595102202e-05
Fecha_vencimiento_2028-01-06,7.198270266915202e-05
Fecha_vencimiento_2025-05-01,7.193032001946888e-05
Fecha_vencimiento_2027-02-27,7.175712354409941e-05
Fecha_vencimiento_2025-07-03,7.169899987692227e-05
Fecha_vencimiento_2025-06-01,7.146034322141527e-05
Fecha_vencimiento_2025-01-24,7.14448530854579e-05
Fecha_vencimiento_2026-09-10,7.140383110307812e-05
Fecha_vencimiento_2025-06-05,7.137251085124624e-05
Fecha_vencimiento_2027-01-23,7.128120501948191e-05
Fecha_vencimiento_2027-07-28,7.107964575194932e-05
Fecha_vencimiento_2027-08-28,7.086655345275614e-05
Fecha_vencimiento_2026-05-21,7.061486066599507e-05
Fecha_vencimiento_2025-06-15,7.056568617139889e-05
Fecha_vencimiento_2027-01-16,7.0541787782399e-05
Fecha_vencimiento_2028-02-19,7.043728618058414e-05
Fecha_vencimiento_2027-09-19,7.019088792562916e-05
Fecha_vencimiento_2026-06-27,7.00892804774251e-05
Fecha_vencimiento_2025-09-04,7.003702957952953e-05
Fecha_vencimiento_2024-10-27,7.002634216996894e-05
Fecha_vencimiento_2028-04-28,7.001536086903985e-05
Fecha_vencimiento_2025-12-01,6.990281203676988e-05
Fecha_vencimiento_2026-11-11,6.981296206690465e-05
Fecha_vencimiento_2025-08-07,6.973866614265992e-05
Fecha_vencimiento_2025-12-12,6.965282078025331e-05
Fecha_vencimiento_2027-03-02,6.96214837817193e-05
Fecha_vencimiento_2025-11-01,6.952610270350524e-05
Fecha_vencimiento_2028-07-14,6.92917925923209e-05
Fecha_vencimiento_2025-07-10,6.927051383754682e-05
Fecha_vencimiento_2025-08-30,6.926003915790723e-05
Fecha_vencimiento_2026-11-05,6.92285151960241e-05
Fecha_vencimiento_2025-03-29,6.919554646198094e-05
Fecha_vencimiento_2027-06-29,6.912048828968267e-05
Fecha_vencimiento_2025-07-25,6.898335344377536e-05
Fecha_vencimiento_2024-10-08,6.891423996975855e-05
Fecha_vencimiento_2025-07-05,6.866513499107232e-05
Fecha_vencimiento_2025-02-06,6.862074725539403e-05
Fecha_vencimiento_2027-11-16,6.861552686098684e-05
Fecha_vencimiento_2027-04-05,6.859488115331698e-05
Fecha_vencimiento_2025-06-09,6.851774168687687e-05
Fecha_vencimiento_2028-04-27,6.844080228578298e-05
Fecha_vencimiento_2026-12-17,6.810608914008865e-05
Fecha_vencimiento_2026-01-01,6.810332149708054e-05
Fecha_vencimiento_2026-09-12,6.807855570380251e-05
Fecha_vencimiento_2026-10-13,6.804898974618065e-05
Fecha_vencimiento_2027-02-02,6.804790884955473e-05
Fecha_vencimiento_2024-12-05,6.80255664164504e-05
Fecha_vencimiento_2026-02-25,6.801713555503159e-05
Fecha_vencimiento_2027-01-28,6.801674794949578e-05
Fecha_vencimiento_2027-06-03,6.797128642365959e-05
Fecha_vencimiento_2027-07-18,6.78935772402988e-05
Fecha_vencimiento_2025-01-30,6.788070216964965e-05
Fecha_vencimiento_2028-01-20,6.781464812645462e-05
Fecha_vencimiento_2028-08-17,6.78090186644038e-05
Fecha_vencimiento_2025-04-12,6.779279063810841e-05
Fecha_vencimiento_2028-09-03,6.774346706305473e-05
Fecha_vencimiento_2027-06-27,6.766536776284398e-05
Fecha_vencimiento_2026-01-18,6.766023684994478e-05
Fecha_vencimiento_2027-10-18,6.744621117984301e-05
Fecha_vencimiento_2027-03-06,6.73415280460736e-05
Fecha_vencimiento_2025-07-29,6.727791080050344e-05
Fecha_vencimiento_2027-08-14,6.723862165776733e-05
Fecha_vencimiento_2025-09-07,6.71302722948833e-05
Fecha_vencimiento_2026-04-13,6.71292378716059e-05
Fecha_vencimiento_2027-12-16,6.710455946084588e-05
Fecha_vencimiento_2026-06-20,6.704882048462401e-05
Fecha_vencimiento_2024-10-04,6.693804353148574e-05
Fecha_vencimiento_2027-10-07,6.692481247095852e-05
Fecha_vencimiento_2028-09-07,6.688713052034437e-05
Fecha_vencimiento_2025-10-22,6.688412728787006e-05
Fecha_vencimiento_2027-10-22,6.684228532860058e-05
Fecha_vencimiento_2026-07-11,6.680179732413372e-05
Fecha_vencimiento_2026-09-03,6.672548960155873e-05
Fecha_vencimiento_2027-10-21,6.652761309716408e-05
Fecha_vencimiento_2025-09-03,6.652687550849092e-05
Fecha_vencimiento_2028-08-13,6.643803820324005e-05
Fecha_vencimiento_2028-08-12,6.641971308256204e-05
Fecha_vencimiento_2027-10-27,6.641034923543739e-05
Fecha_vencimiento_2025-01-08,6.637930946754416e-05
Fecha_vencimiento_2027-11-13,6.61562286793604e-05
Fecha_vencimiento_2027-11-04,6.610935521253395e-05
Fecha_vencimiento_2024-11-29,6.607146646665038e-05
Fecha_vencimiento_2028-08-10,6.606520204049761e-05
Fecha_vencimiento_2026-07-15,6.605394078394443e-05
Fecha_vencimiento_2026-06-04,6.59894601349498e-05
Fecha_vencimiento_2026-02-04,6.59605960314801e-05
Fecha_vencimiento_2025-01-11,6.592945383143685e-05
Fecha_vencimiento_2024-11-01,6.569497618460517e-05
Fecha_vencimiento_2027-06-14,6.559506930678631e-05
Fecha_vencimiento_2027-12-18,6.528790469125148e-05
Fecha_vencimiento_2025-04-25,6.521448873814021e-05
Fecha_vencimiento_2027-03-16,6.511452918602557e-05
Fecha_vencimiento_2026-07-08,6.508857510653734e-05
Fecha_vencimiento_2025-08-19,6.506705045778187e-05
Fecha_vencimiento_2026-06-16,6.502131634537859e-05
Fecha_vencimiento_2028-01-24,6.491497567252902e-05
Fecha_vencimiento_2028-01-10,6.489022698771391e-05
Fecha_vencimiento_2026-07-22,6.475348612661164e-05
Fecha_vencimiento_2028-05-28,6.457696392616201e-05
Fecha_vencimiento_2028-05-15,6.4373135769324e-05
Fecha_vencimiento_2025-12-05,6.433782038835903e-05
Fecha_vencimiento_2027-09-20,6.422880349703676e-05
Fecha_vencimiento_2027-07-17,6.41326213887985e-05
Fecha_vencimiento_2027-12-05,6.408841821266532e-05
Fecha_vencimiento_2026-08-27,6.403314811437408e-05
Fecha_vencimiento_2028-06-09,6.400926126769477e-05
Fecha_vencimiento_2026-05-18,6.393646263180551e-05
Fecha_vencimiento_2026-09-24,6.375468115960423e-05
Fecha_vencimiento_2026-04-01,6.357906462566693e-05
Fecha_vencimiento_2026-11-20,6.333338625412424e-05
Fecha_vencimiento_2027-07-08,6.327069463243894e-05
Fecha_vencimiento_2027-02-21,6.32116051551438e-05
Fecha_vencimiento_2026-12-01,6.293700269339914e-05
Fecha_vencimiento_2026-12-27,6.282369324679019e-05
Fecha_vencimiento_2028-01-04,6.264735941644109e-05
Fecha_vencimiento_2027-11-23,6.263773002633366e-05
Fecha_vencimiento_2026-05-17,6.239856968546125e-05
Fecha_vencimiento_2028-04-13,6.23901252742231e-05
Fecha_vencimiento_2025-06-02,6.234583368443027e-05
Fecha_vencimiento_2024-11-28,6.228538287498382e-05
Fecha_vencimiento_2027-09-28,6.208201392212647e-05
Fecha_vencimiento_2026-05-02,6.15025679508333e-05
Fecha_vencimiento_2026-07-04,6.14772580818084e-05
Fecha_vencimiento_2025-10-02,6.137400578762839e-05
Fecha_vencimiento_2027-07-04,6.132485350831258e-05
Fecha_vencimiento_2028-02-06,6.12223938601646e-05
Fecha_vencimiento_2024-12-06,6.113541568122289e-05
Fecha_vencimiento_2025-03-28,6.084160733137714e-05
Fecha_vencimiento_2024-11-16,6.0652827948003554e-05
Fecha_vencimiento_2028-05-04,6.063910177833744e-05
Fecha_vencimiento_2026-03-03,5.994301422557877e-05
Fecha_vencimiento_2026-01-06,5.9869722119991894e-05
Fecha_vencimiento_2028-02-23,5.973174809927373e-05
Fecha_vencimiento_2026-12-29,5.9729205658836075e-05
Fecha_vencimiento_2026-02-13,5.962146642432379e-05
Fecha_vencimiento_2025-11-26,5.95404851754324e-05
Fecha_vencimiento_2025-03-08,5.9405139574151795e-05
Fecha_vencimiento_2025-11-14,5.930109849230662e-05
Fecha_vencimiento_2025-05-07,5.918196891658762e-05
Fecha_vencimiento_2025-07-28,5.91818085272967e-05
Fecha_vencimiento_2027-11-22,5.878583508203927e-05
Fecha_vencimiento_2024-11-14,5.862754537861964e-05
Fecha_vencimiento_2027-11-30,5.85917120854434e-05
Fecha_vencimiento_2026-08-30,5.856675951416045e-05
Fecha_vencimiento_2026-02-10,5.851569114079852e-05
Fecha_vencimiento_2028-01-07,5.830478763980453e-05
Fecha_vencimiento_2027-05-08,5.825113176357269e-05
Fecha_vencimiento_2025-03-03,5.819891285307292e-05
Fecha_vencimiento_2025-04-10,5.8046992669780895e-05
Fecha_vencimiento_2025-10-06,5.804253163408938e-05
Fecha_vencimiento_2027-02-20,5.802056959827803e-05
Fecha_vencimiento_2027-07-22,5.796771518298456e-05
Fecha_vencimiento_2028-01-03,5.7716573339503906e-05
Fecha_vencimiento_2026-04-17,5.764051634123845e-05
Fecha_vencimiento_2028-07-26,5.7628892825024705e-05
Fecha_vencimiento_2026-09-09,5.7370339343417394e-05
Fecha_vencimiento_2027-12-02,5.7139813735914924e-05
Fecha_vencimiento_2026-07-29,5.698819691077485e-05
Fecha_vencimiento_2026-02-03,5.695445651537219e-05
Fecha_vencimiento_2025-10-31,5.693377412868732e-05
Fecha_vencimiento_2025-06-24,5.687346502534182e-05
Fecha_vencimiento_2026-02-14,5.6689337568876835e-05
Fecha_vencimiento_2024-12-13,5.668254434099153e-05
Fecha_vencimiento_2028-02-16,5.662994727611493e-05
Fecha_vencimiento_2026-05-05,5.645175840697685e-05
Fecha_vencimiento_2026-09-25,5.6432332825125754e-05
Fecha_vencimiento_2025-07-11,5.641005993267242e-05
Fecha_vencimiento_2028-01-09,5.637064034231206e-05
Fecha_vencimiento_2025-03-09,5.6051663618706464e-05
Fecha_vencimiento_2027-02-14,5.584257094022876e-05
Fecha_vencimiento_2027-09-17,5.580968786850251e-05
Fecha_vencimiento_2026-11-16,5.5658709443195984e-05
Fecha_vencimiento_2025-02-24,5.537336832330156e-05
Fecha_vencimiento_2028-03-07,5.534393872540629e-05
Fecha_vencimiento_2026-11-28,5.532737114665848e-05
Fecha_vencimiento_2028-06-13,5.485766790647027e-05
Fecha_vencimiento_2025-02-03,5.4697260081264896e-05
Fecha_vencimiento_2028-06-14,5.464671845326455e-05
Fecha_vencimiento_2026-06-18,5.4495148876653124e-05
Fecha_vencimiento_2027-07-13,5.442416881332309e-05
Fecha_vencimiento_2027-09-29,5.4241681403642256e-05
Fecha_vencimiento_2025-10-19,5.420015540543107e-05
Fecha_vencimiento_2028-05-21,5.41770692961763e-05
Fecha_vencimiento_2028-01-14,5.374747472829139e-05
Fecha_vencimiento_2027-05-13,5.3095722557883865e-05
Fecha_vencimiento_2026-10-29,5.290094308874873e-05
Fecha_vencimiento_2025-06-16,5.254815017074601e-05
Fecha_vencimiento_2024-11-25,5.238677339365126e-05
Fecha_vencimiento_2026-03-13,5.2248218973068856e-05
Fecha_vencimiento_2028-09-12,5.216454159819501e-05
Fecha_vencimiento_2026-08-08,5.2034013304607616e-05
Fecha_vencimiento_2028-08-28,5.187752575004001e-05
Fecha_vencimiento_2025-05-28,5.1786284640292376e-05
Fecha_vencimiento_2027-06-28,5.128522040662943e-05
Fecha_vencimiento_2024-09-30,5.096296641187124e-05
Fecha_vencimiento_2028-01-30,5.0928844338455466e-05
Fecha_vencimiento_2028-02-12,5.028132161967369e-05
Fecha_vencimiento_2026-08-29,5.0077481740482556e-05
Fecha_vencimiento_2025-11-18,4.933320144564502e-05
Fecha_vencimiento_2025-03-17,4.9160862210728626e-05
Fecha_vencimiento_2028-08-03,4.911886498712736e-05
Fecha_vencimiento_2027-04-06,4.910513857409849e-05
Fecha_vencimiento_2026-01-10,4.856878910711685e-05
Fecha_vencimiento_2027-01-21,4.8442119328056443e-05
Fecha_vencimiento_2025-09-24,4.8295176263630655e-05
Fecha_vencimiento_2026-02-15,4.816339594750477e-05
Fecha_vencimiento_2027-07-27,4.728211211066458e-05
Fecha_vencimiento_2025-01-17,4.6993854058851576e-05
Fecha_vencimiento_2026-07-17,4.6811669209353984e-05
Fecha_vencimiento_2024-09-26,4.6733491895358756e-05
Fecha_vencimiento_2025-03-06,4.6297584605389e-05
Fecha_vencimiento_2027-10-12,4.615322364150258e-05
Fecha_vencimiento_2026-05-04,4.599529251702893e-05
Fecha_vencimiento_2025-08-14,4.577901575254252e-05
Fecha_vencimiento_2028-04-12,4.577413710385979e-05
Fecha_vencimiento_2026-11-22,4.508896807119258e-05
Fecha_vencimiento_2028-04-03,4.4968323969692395e-05
Fecha_vencimiento_2028-02-29,4.215860179942392e-05
Fecha_vencimiento_2026-11-19,4.137525216997469e-05
Fecha_vencimiento_2027-06-20,4.119067836718844e-05
Fecha_vencimiento_2026-04-07,4.1121504553631224e-05
Fecha_vencimiento_2028-06-19,4.102936179172454e-05
Fecha_vencimiento_2028-04-11,4.080024607895251e-05
Fecha_vencimiento_2026-04-27,4.0713424513335096e-05
Fecha_vencimiento_2026-01-20,3.9960837139419854e-05
Fecha_vencimiento_2026-03-05,3.9260151370888304e-05
Fecha_vencimiento_2028-04-07,3.922444952120682e-05
Fecha_vencimiento_2024-12-27,3.892894334682825e-05
Fecha_vencimiento_2024-10-20,3.887237774079281e-05
Fecha_vencimiento_2028-07-21,3.834491986945742e-05
Fecha_vencimiento_2028-07-09,3.827375293827095e-05
Fecha_vencimiento_2026-03-29,3.773863067387785e-05
Fecha_vencimiento_2025-07-12,3.7495867215135334e-05
Fecha_vencimiento_2025-01-29,3.720748630728922e-05
Fecha_vencimiento_2026-05-28,3.700055533109729e-05
Fecha_vencimiento_2028-09-13,3.499711996258395e-05
Fecha_vencimiento_2028-03-09,3.2304220405220904e-05
Fecha_vencimiento_2027-05-29,3.0751545129488056e-05
Fecha_vencimiento_2025-10-10,3.043479666128809e-05
Fecha_vencimiento_2025-12-09,2.9242188836796567e-05
